SMILES,NAME,Activation Status
N[C@@H](CC1=CNC2=CC=CC=C12)C(O)=O,l-tryptophan,1
CC[C@H](C)C(=O)O[C@H]1C[C@H](O)C=C2C=C[C@H](C)[C@H](CC[C@@H](O)C[C@@H](O)CC(O)=O)[C@@H]12,Pravastatin,1
COCCCCC(=NOCCN)C1=CC=C(C=C1)C(F)(F)F,fluvoxamine,1
CCCCC(=O)N(CC1=CC=C(C=C1)C1=CC=CC=C1C1=NNN=N1)[C@@H](C(C)C)C(O)=O,Valsartan,1
NCC(CC(O)=O)C1=CC=C(Cl)C=C1,Baclofen,1
CC(N)CC1=CC=CC=C1,Amphetamine,1
OC1N=C(C2=CC=CC=C2Cl)C2=C(NC1=O)C=CC(Cl)=C2,Lorazepam,1
CC(C)(N)CC1=CC=CC=C1,PHENTERMINE,1
CN(C)CCCC1(OCC2=C1C=CC(=C2)C#N)C1=CC=C(F)C=C1,Citalopram,1
CC[C@H](C)C(=O)O[C@H]1C[C@@H](C)C=C2C=C[C@H](C)[C@H](CC[C@@H]3C[C@@H](O)CC(=O)O3)[C@@H]12,Lovastatin,1
CN1C2=C(C=C(Cl)C=C2)C(=NC(O)C1=O)C1=CC=CC=C1,Temazepam,1
CC1=C2NC(=O)C3=C(N=CC=C3)N(C3CC3)C2=NC=C1,Nevirapine,1
ClC1=C(CCN2CCN(CC2)C2=NSC3=CC=CC=C23)C=C2CC(=O)NC2=C1,Ziprasidone,1
O=C1NC(=O)C(N1)(C1=CC=CC=C1)C1=CC=CC=C1,Phenytoin,1
CCCC1=NC(=C(N1CC1=CC=C(C=C1)C1=C(C=CC=C1)C1=NN=NN1)C(O)=O)C(C)(C)O,Olmesartan,1
COC1=CC=C(C=C1)C(CN(C)C)C1(O)CCCCC1,Venlafaxine,1
CN1CC[C@]23[C@H]4OC5=C(O)C=CC(C[C@@H]1[C@@H]2C=C[C@@H]4O)=C35,Morphine,1
CC(=O)NC1=CC=C(O)C=C1,Acetaminophen,1
CN(C)CCC=C1C2=CC=CC=C2CCC2=CC=CC=C12,Amitriptyline,1
CC1=CC=C(C=C1)C(=O)C1=CC(=C(O)C(O)=C1)[N+]([O-])=O,Tolcapone,1
CCC(=O)C(CC(C)N(C)C)(C1=CC=CC=C1)C1=CC=CC=C1,Methadone,1
CN1CCN(CC1)C1=NC2=CC=CC=C2NC2=C1C=C(C)S2,Olanzapine,1
CNCCCC1C2=CC=CC=C2C=CC2=CC=CC=C12,protriptyline,1
CN1CCN(CC1)C1=NC2=CC(Cl)=CC=C2NC2=CC=CC=C12,Clozapine,1
CN(C)CCOC(C)(C1=CC=CC=C1)C1=CC=CC=N1,doxylamine,1
CN1CCN2C(C1)C1=CC=CC=C1CC1=C2N=CC=C1,Mirtazapine,1
CCCC(C)(COC(N)=O)COC(N)=O,Meprobamate,1
C[C@@H](N)[C@@H](O)C1=CC=CC=C1,PHENYLPROPANOLAMINE,1
CNC(=O)C1=NC=CC(OC2=CC=C(NC(=O)NC3=CC(=C(Cl)C=C3)C(F)(F)F)C=C2)=C1,Sorafenib,1
CN1CCN(CC1)C1=NC2=CC=CC=C2OC2=C1C=C(Cl)C=C2,Loxapine,1
CCCN[C@H]1CCC2=C(C1)SC(N)=N2,Pramipexole,1
Cl[C@H]1[C@H](Cl)[C@@H](Cl)[C@@H](Cl)[C@H](Cl)[C@H]1Cl,lindane,1
COCC1=C(C2=CC=C(F)C=C2)C(\C=C\[C@@H](O)C[C@@H](O)CC(O)=O)=C(N=C1C(C)C)C(C)C,Cerivastatin,1
CNCCC(OC1=CC=C(C=C1)C(F)(F)F)C1=CC=CC=C1,Fluoxetine,1
CCN(CC)C(=O)C(=C\C1=CC(=C(O)C(O)=C1)[N+]([O-])=O)\C#N,Entacapone,1
CC1=CN([C@H]2C[C@H](N=[N+]=[N-])[C@@H](CO)O2)C(=O)NC1=O,Zidovudine,1
OC1(CCN(CCCC(=O)C2=CC=C(F)C=C2)CC1)C1=CC=C(Cl)C=C1,Haloperidol,1
NCCCCCC(O)=O,aminocaproic acid,1
COC1=CC2=C(C[C@H]3[C@H]4CCCC[C@@]24CCN3C)C=C1,Dextromethorphan,1
ClCCN(CCCl)P1(=O)NCCCO1,Cyclophosphamide,1
OC(=O)C1=CN(C2CC2)C2=CC(N3CCNCC3)=C(F)C=C2C1=O,Ciprofloxacin,1
ClC1=CC2=C(OC3=CC=CC=C3N=C2N2CCNCC2)C=C1,Amoxapine,1
NC1=NC(N)=C(N=N1)C1=C(Cl)C(Cl)=CC=C1,lamotrigine,1
CN1[C@H]2CC[C@@H]1C[C@@H](C2)OC(=O)C(CO)C1=CC=CC=C1,Atropine,1
CCNC(C)CC1=CC(=CC=C1)C(F)(F)F,fenfluramine,1
OC(=O)CC1=CC=CC=C1NC1=C(Cl)C=CC=C1Cl,Diclofenac,1
CCN(CC)CCCC(C)NC1=C2C=CC(Cl)=CC2=NC=C1,Chloroquine,1
CN1CCN(CC2=CC=C(C=C2)C(=O)NC2=CC(NC3=NC=CC(=N3)C3=CN=CC=C3)=C(C)C=C2)CC1,Imatinib,1
OCCN1CCN(CCCN2C3=CC=CC=C3SC3=C2C=C(C=C3)C(F)(F)F)CC1,Fluphenazine,1
FC(F)(F)[C@]1(OC(=O)NC2=C1C=C(Cl)C=C2)C#CC1CC1,Efavirenz,1
OC(=O)C1=CN=CC=C1,Niacin,1
C[C@]12CC(=O)[C@H]3[C@@H](CCC4=CC(=O)C=C[C@]34C)[C@@H]1CC[C@]2(O)C(=O)CO,Prednisone,1
CCOC(=O)C(C)(C)OC1=CC=C(Cl)C=C1,Clofibrate,1
CCC(C)(C)C(=O)O[C@H]1C[C@@H](C)C=C2C=C[C@H](C)[C@H](CC[C@@H]3C[C@@H](O)CC(=O)O3)[C@@H]12,Simvastatin,1
CNC[C@H](O)C1=CC(O)=C(O)C=C1,epinephrine,1
CCCCC1=NC(Cl)=C(CO)N1CC1=CC=C(C=C1)C1=CC=CC=C1C1=NNN=N1,Losartan,1
NC1=NC(=O)N(C=C1)[C@@H]1CS[C@H](CO)O1,Lamivudine,1
FC1=CC=C(C=C1)[C@@H]1CCNC[C@H]1COC1=CC2=C(OCO2)C=C1,paroxetine,1
CC1=C(CCN2CCC(CC2)C2=NOC3=C2C=CC(F)=C3)C(=O)N2CCCCC2=N1,Risperidone,1
NC(=N)C1=CC=C(OCCCCCOC2=CC=C(C=C2)C(N)=N)C=C1,Pentamidine,1
C[C@]12C[C@H](O)[C@H]3[C@@H](CCC4=CC(=O)CC[C@]34C)[C@@H]1CC[C@]2(O)C(=O)CO,Hydrocortisone,1
FC(F)OC(Cl)C(F)(F)F,Isoflurane,1
NNCCC1=CC=CC=C1,Phenelzine,1
CC(C)C1=CC=CC(C(C)C)=C1O,Propofol,1
CN1C2=C(C=C(Cl)C=C2)C(=NCC1=O)C1=CC=CC=C1,Diazepam,1
CC1NCCOC1C1=CC=CC=C1,Phenmetrazine,1
CC#C[C@]1(O)CC[C@H]2[C@@H]3CCC4=CC(=O)CCC4=C3[C@H](C[C@]12C)C1=CC=C(C=C1)N(C)C,Mifepristone,1
OCCN1CCN(CCCN2C3=CC=CC=C3SC3=C2C=C(Cl)C=C3)CC1,Perphenazine,1
CN[C@@H](C)[C@@H](O)C1=CC=CC=C1,Pseudoephedrine,1
CN(C\C=C\C#CC(C)(C)C)CC1=CC=CC2=CC=CC=C12,terbinafine,1
CO[C@@H]1C[C@@H](CC[C@H]1O)\C=C(/C)[C@H]1OC(=O)[C@@H]2CCCCN2C(=O)C(=O)[C@]2(O)O[C@@H]([C@H](C[C@H]2C)OC)[C@H](C[C@@H](C)C\C(C)=C\[C@@H](CC=C)C(=O)C[C@H](O)[C@H]1C)OC,Tacrolimus,1
C[C@H](NCCC1=CC=C(O)C=C1)[C@H](O)C1=CC=C(O)C=C1,ritodrine,1
CC(C)(C)NCC(O)C1=CC(O)=CC(O)=C1,Terbutaline,1
CCCCC1=NC=C(\C=C(/CC2=CC=CS2)C(O)=O)N1CC1=CC=C(C=C1)C(O)=O,Eprosartan,1
CC1=NN=C2CN=C(C3=CC=CC=C3Cl)C3=C(C=CC(Cl)=C3)N12,Triazolam,1
OC[C@@H]1CC[C@@H](O1)N1C=NC2=C1NC=NC2=O,Didanosine,1
COC1=CC2=C(C=CN=C2C=C1)[C@H](O)[C@H]1C[C@@H]2CCN1C[C@@H]2C=C,quinidine,1
NC(=N)NC(=N)NCCC1=CC=CC=C1,Phenformin,1
NC1=NC(=O)N(C=N1)[C@@H]1O[C@H](CO)[C@@H](O)[C@H]1O,Azacitidine,1
OC(=O)C1=CC=CC=C1O,Salicylic acid,1
CC(=O)OC1=CC=CC=C1C(O)=O,Acetylsalicylic acid,1
NNC(=O)C1=CC=NC=C1,isoniazid,1
CCCC1=NC2=C(C=C(C=C2C)C2=NC3=CC=CC=C3N2C)N1CC1=CC=C(C=C1)C1=CC=CC=C1C(O)=O,Telmisartan,1
O[C@@H](CC[C@@H]1[C@H](N(C1=O)C1=CC=C(F)C=C1)C1=CC=C(O)C=C1)C1=CC=C(F)C=C1,Ezetimibe,1
NC1=NC(=O)N(C=C1)[C@@H]1O[C@H](CO)[C@@H](O)[C@@H]1O,Cytarabine,1
NC1=NC2=C(N=CN2COC(CO)CO)C(=O)N1,Ganciclovir,1
CC(C)OC(=O)C(C)(C)OC1=CC=C(C=C1)C(=O)C1=CC=C(Cl)C=C1,Fenofibrate,1
N[C@@H](CC1=CC=C(C=C1)N(CCCl)CCCl)C(O)=O,Melphalan,1
CCN1C=C(C(O)=O)C(=O)C2=CC(F)=C(C=C12)N1CCNCC1,Norfloxacin,1
CC(CN1C2=CC=CC=C2SC2=CC=CC=C12)N(C)C,Promethazine,1
CC(C)C1=C(C(=O)NC2=CC=CC=C2)C(=C(N1CC[C@@H](O)C[C@@H](O)CC(O)=O)C1=CC=C(F)C=C1)C1=CC=CC=C1,Atorvastatin,1
CC(C)N1C(\C=C\[C@H](O)C[C@H](O)CC(O)=O)=C(C2=CC=CC=C12)C1=CC=C(F)C=C1,Fluvastatin,1
CN[C@H]1CC[C@@H](C2=CC(Cl)=C(Cl)C=C2)C2=CC=CC=C12,Sertraline,1
CC(C)CC(N(C)C)C1(CCC1)C1=CC=C(Cl)C=C1,Sibutramine,1
CCCCC1=C(C(=O)C2=CC(I)=C(OCCN(CC)CC)C(I)=C2)C2=C(O1)C=CC=C2,Amiodarone,1
C[C@H]1COC2=C3N1C=C(C(O)=O)C(=O)C3=CC(F)=C2N1CCN(C)CC1,levofloxacin,1
CN(C)CCC=C1C2=CC=CC=C2COC2=CC=CC=C12,Doxepin,1
CC(NC(C)(C)C)C(=O)C1=CC(Cl)=CC=C1,Bupropion,1
CC1COC2=C3N1C=C(C(O)=O)C(=O)C3=CC(F)=C2N1CCN(C)CC1,Ofloxacin,1
ClCCNP1(=O)OCCCN1CCCl,Ifosfamide,1
FC(F)OC(F)C(F)(F)F,Desflurane,1
C[C@H]1CN(C[C@@H](C)N1)C1=C(F)C(N)=C2C(=O)C(=CN(C3CC3)C2=C1F)C(O)=O,sparfloxacin,1
OCCOCCN1CCN(CC1)C1=NC2=CC=CC=C2SC2=CC=CC=C12,Quetiapine,1
FCOC(C(F)(F)F)C(F)(F)F,sevoflurane,1
ClC1=CC=CC(N2CCN(CCCCOC3=CC4=C(CCC(=O)N4)C=C3)CC2)=C1Cl,ARIPIPRAZOLE,1
CC(=O)N(CC(O)CN(C(C)=O)C1=C(I)C(C(=O)NCC(O)CO)=C(I)C(C(=O)NCC(O)CO)=C1I)C1=C(I)C(C(=O)NCC(O)CO)=C(I)C(C(=O)NCC(O)CO)=C1I,iodixanol,1
C[C@@H](CC1=CC=CC=C1)NC(=O)[C@@H](N)CCCCN,Lisdexamfetamine,1
CC1=CN([C@@H]2C[C@@H](O)[C@H](CO)O2)C(=O)NC1=O,Telbivudine,1
CC1=C(CCN2CCC(CC2)C2=NOC3=C2C=CC(F)=C3)C(=O)N2CCCC(O)C2=N1,Paliperidone,1
CCN(CC)CCNC(=O)C1=C(C)NC(\C=C2/C(=O)NC3=C2C=C(F)C=C3)=C1C,Sunitinib,1
COC1=NC(N)=NC2=C1N=CN2[C@@H]1O[C@H](CO)[C@@H](O)[C@@H]1O,Nelarabine,1
CC(=O)N(CC(O)CO)C1=C(I)C(C(=O)NCC(O)CO)=C(I)C(C(=O)NCC(O)CO)=C1I,IOHEXOL,1
CC(C)(OC1=CC=C(CCNC(=O)C2=CC=C(Cl)C=C2)C=C1)C(O)=O,Bezafibrate,1
CN1CC[C@]23[C@H]4OC5=C(OC(C)=O)C=CC(C[C@@H]1[C@@H]2C=C[C@@H]4OC(C)=O)=C35,Heroin,1
CN1C2=C(C=C(C=C2)[N+]([O-])=O)C(=NCC1=O)C1=CC=CC=C1F,Flunitrazepam,1
COC1=C2O[C@H]3[C@@H](O)CC[C@H]4[C@H]5CC(C=C1)=C2[C@@]34CCN5C,Dihydrocodeine,1
OC(O)C(Cl)(Cl)Cl,chloral hydrate,1
C[C@H](N)CC1=CC=CC=C1,dextroamphetamine,1
CN[C@@H](C)CC1=CC=CC=C1,methamphetamine,1
C[C@H]1[C@@H](OCCN1C)C1=CC=CC=C1,Phendimetrazine,1
CN(C)CCC(C1=CC=CC=C1)C1=CC=CC=N1,pheniramine,1
CC(C)C1=NN=C(C)N1[C@H]1C[C@@H]2CC[C@H](C1)N2CC[C@H](N=C(O)C1CCC(F)(F)CC1)C1=CC=CC=C1,Maraviroc,1
CCN(CC)C(=O)[C@@]1(C[C@@H]1CN)C1=CC=CC=C1,MILNACIPRAN,1
CCCN(CCC1=CC=CS1)[C@H]1CCC2=C(O)C=CC=C2C1,Rotigotine,1
CO[C@@H]1C[C@H](C[C@@H](C)[C@@H]2CC(=O)[C@H](C)\C=C(C)\[C@@H](O)[C@@H](OC)C(=O)[C@H](C)C[C@H](C)\C=C\C=C\C=C(C)\[C@H](C[C@@H]3CC[C@@H](C)[C@@](O)(O3)C(=O)C(=O)N3CCCC[C@H]3C(=O)O2)OC)CC[C@H]1OC(=O)C(C)(CO)CO,Temsirolimus,1
CN(C)CC(C1=CC=C(O)C=C1)C1(O)CCCCC1,Desvenlafaxine,1
COCCOC1=CC2=C(C=C1OCCOC)C(NC1=CC(=CC=C1)C#C)=NC=N2,Erlotinib,0
CC[N+](C)(C)CC1=CC=CC=C1Br,Bretylium,0
C[C@]12C[C@H](O)[C@@]3(F)[C@@H](CCC4=CC(=O)CC[C@]34C)[C@@H]1CC[C@]2(O)C(=O)CO,fludrocortisone,0
CCOCCN1C(=NC2=CC=CC=C12)C1CCN(CCC2=CC=C(C=C2)C(C)(C)C(O)=O)CC1,Bilastine,0
COC1=C(OC)C=C2[C@@H](CN(C)CCCN3CCC4=CC(OC)=C(OC)C=C4CC3=O)CC2=C1,Ivabradine,0
COC1=C(OC)C(=O)C(C\C=C(/C)CC\C=C(/C)CC\C=C(/C)CC\C=C(/C)CC\C=C(/C)CC\C=C(/C)CC\C=C(/C)CC\C=C(/C)CC\C=C(/C)CCC=C(C)C)=C(C)C1=O,ubidecarenone,0
CO[C@H]1[C@H](O)CC(=O)O[C@H](C)C\C=C\C=C\[C@H](O[C@H]2CC[C@@H]([C@H](C)O2)N(C)C)[C@H](C)C[C@H](CC=O)[C@@H]1O[C@@H]1O[C@H](C)[C@@H](O[C@H]2C[C@@](C)(O)[C@@H](O)[C@H](C)O2)[C@@H]([C@H]1O)N(C)C,spiramycin,0
OC(=O)[C@@H](S)[C@@H](S)C(O)=O,Succimer,0
OCC(O)=O,Glycolic Acid,0
CC[C@@H](CO)NCCN[C@@H](CC)CO,Ethambutol,0
CC(=O)NCCCS(O)(=O)=O,Acamprosate,0
ClC1=CC=C(CSC(CN2C=CN=C2)C2=C(Cl)C=C(Cl)C=C2)C=C1,sulconazole,0
OC(=O)CCCC[C@@H]1CCSS1,lipoic acid,0
CCC1NC(=O)C2=CC(=C(Cl)C=C2N1)S(N)(=O)=O,quinethazone,0
CC[C@H]1OC(=O)[C@H](C)[C@@H](O[C@H]2C[C@@](C)(OC)[C@@H](O)[C@H](C)O2)[C@H](C)[C@@H](O[C@@H]2O[C@H](C)C[C@@H]([C@H]2O)N(C)C)[C@@](C)(C[C@@H](C)C(=O)[C@H](C)[C@@H](O)[C@]1(C)O)OC,Clarithromycin,0
CN(C)[C@H]1[C@@H]2C[C@H]3C(=C(O)[C@]2(O)C(=O)C(C(=O)NCNCCCC[C@H](N)C(O)=O)=C1O)C(=O)C1=C(O)C=CC=C1[C@@]3(C)O,Lymecycline,0
CCCCCCCCCCC[C@@H](C[C@@H]1OC(=O)[C@H]1CCCCCC)OC(=O)[C@H](CC(C)C)NC=O,orlistat,0
NCCC[C@H](N)C(O)=O,ornithine,0
COC1=C(O)C=C(C=C1)[C@@H]1CC(=O)C2=C(O)C=C(O)C=C2O1,Hesperetin,0
CC(C)C[C@H](NC(=O)[C@@H](CC(N)=O)NC(=O)[C@H](CC1=CC=C(O)C=C1)N(C)C(=O)[C@H](CO)NC(=O)[C@@H](CC1=CN=CC=C1)NC(=O)[C@@H](CC1=CC=C(Cl)C=C1)NC(=O)[C@@H](CC1=CC2=C(C=CC=C2)C=C1)NC(C)=O)C(=O)N[C@@H](CCCCNC(C)C)C(=O)N1CCC[C@H]1C(=O)N[C@H](C)C(N)=O,Abarelix,0
O=S1(=O)CCN(CN2CCS(=O)(=O)NC2)CN1,Taurolidine,0
CCC1(C(=O)NC(=O)N(C)C1=O)C1=CC=CC=C1,METHYLPHENOBARBITAL,0
CCC(=O)C1(CCN(C)CC1)C1=CC(O)=CC=C1,Ketobemidone,0
CCCCCCCN(CC)CCCC(O)C1=CC=C(NS(C)(=O)=O)C=C1,Ibutilide,0
CCCCC1=NC(C)=C(CC(=S)N(C)C)C(=O)N1CC1=CC=C(C=C1)C1=C(C=CC=C1)C1=NN=NN1,Fimasartan,0
CNS(=O)(=O)CCC1=CC2=C(NC=C2C2CCN(C)CC2)C=C1,Naratriptan,0
COC(=O)C1=C(C)NC(C)=C(C1C1=CC(=CC=C1)N(=O)=O)C(=O)OCCN1CCN(CC1)C(C1=CC=CC=C1)C1=CC=CC=C1,Manidipine,0
C[C@@H](NC(=O)[C@@H](CCCNC(N)=N)NC(=O)[C@@H](CCCNC(N)=N)NC(=O)[C@@H](CCCNC(N)=N)NC(=O)[C@@H](C)NC(=O)[C@@H](CSSC[C@H](N)C(O)=O)NC(C)=O)C(=O)N[C@H](CCCNC(N)=N)C(N)=O,Etelcalcetide,0
O=C1C=CC=C2[C@H]3CNC[C@H](C3)CN12,cytisine,0
CN(C)C(=O)OC1=CC(=CC(OC(=O)N(C)C)=C1)C(O)CNC(C)(C)C,Bambuterol,0
COC1=CC=CC2=C1C(=O)C1=C(O)C3=C(C[C@](O)(C[C@@H]3O[C@H]3C[C@H](N)[C@H](O)[C@H](C)O3)C(=O)CO)C(O)=C1C2=O,Doxorubicin,0
COC1=CC=CC2=C1C(=O)C1=C(O)C3=C(C[C@](O)(C[C@@H]3O[C@H]3C[C@H](N)[C@@H](O)[C@H](C)O3)C(=O)CO)C(O)=C1C2=O,Epirubicin,0
OC[C@@H](O)[C@@H](O)[C@H](O)[C@@H]([18F])C=O,FLUDEOXYGLUCOSE F-18,0
OC[C@@H](O)COC(=O)C1=C(NC2=C3C=CC=C(C3=NC=C2)C(F)(F)F)C=CC=C1,Floctafenine,0
CC1NC2=CC(Cl)=C(C=C2C(=O)N1C1=CC=CC=C1C)S(N)(=O)=O,Metolazone,0
CC(C)NCC(O)COC1=CC=CC2=CC=CC=C12,Propranolol,0
C\N=C(\NCCSCC1=C(C)NC=N1)NC#N,Cimetidine,0
COC(=O)CCC1=CC=C(OCC(O)CNC(C)C)C=C1,ESMOLOL,0
CC(=O)N[C@@H]1[C@H](C=C(O[C@H]1[C@H](O)[C@H](O)CO)C(O)=O)N=C(N)N,Zanamivir,0
OC(=O)CC1=CC(Cl)=C(OCC=C)C=C1,Alclofenac,0
OC(C(=O)O[C@H]1C[N+]2(CCCOC3=CC=CC=C3)CCC1CC2)(C1=CC=CS1)C1=CC=CS1,ACLIDINIUM,0
CC1=C(C2=NOC(=N2)C2=CC(=C(O)C(O)=C2)[N+]([O-])=O)C(Cl)=[N+]([O-])C(C)=C1Cl,Opicapone,0
O=N[Fe--](C#N)(C#N)(C#N)(C#N)C#N,Nitroprusside,0
CC1=CC(C)=NC(NS(=O)(=O)C2=CC=C(N)C=C2)=N1,Sulfamethazine,0
C[C@@H](O[C@H]1OCCN(CC2=NNC(=O)N2)[C@H]1C1=CC=C(F)C=C1)C1=CC(=CC(=C1)C(F)(F)F)C(F)(F)F,Aprepitant,0
CO[C@H]1C=CO[C@@]2(C)OC3=C(C2=O)C2=C(C(O)=C3C)C(=O)C(NC(=O)\C(C)=C/C=C\[C@H](C)[C@H](O)[C@@H](C)[C@@H](O)[C@@H](C)[C@H](OC(C)=O)[C@@H]1C)=C1NC3(CCN(CC(C)C)CC3)N=C21,RIFABUTIN,0
C[C@]12CC[C@H]3[C@@H](CCC4=CCCC[C@H]34)[C@@H]1CC[C@@]2(O)CC=C,Allylestrenol,0
CC(=O)OC[C@H]1O[C@H]([C@H](OC(C)=O)[C@@H]1OC(C)=O)N1C=CC(=O)NC1=O,Uridine triacetate,0
CCP(CC)(CC)=[Au]S[C@@H]1O[C@H](COC(C)=O)[C@@H](OC(C)=O)[C@H](OC(C)=O)[C@H]1OC(C)=O,AURANOFIN,0
CC1=C(C)C=C2N(C[C@H](O)[C@H](O)[C@H](O)CO)C3=NC(=O)NC(=O)C3=NC2=C1,riboflavin,0
N[C@@H](CC1=CC(I)=C(OC2=CC(I)=C(O)C=C2)C(I)=C1)C(O)=O,liothyronine,0
CCN(CC)C(=S)SSC(=S)N(CC)CC,disulfiram,0
C[C@@H](O)[C@@H]1[C@H]2[C@@H](C)C(S[C@@H]3CN[C@H](CNS(N)(=O)=O)C3)=C(N2C1=O)C(O)=O,DORIPENEM,0
CC1(C)S[C@@H]2[C@H](NC(=O)[C@H](N)C3=CC=CC=C3)C(=O)N2[C@H]1C(O)=O,Ampicillin,0
CCC(=C)C(=O)C1=C(Cl)C(Cl)=C(OCC(O)=O)C=C1,Etacrynic Acid,0
CCCCCCCCCCCCCC(=O)OC(C)C,ISOPROPYL MYRISTATE,0
CC(C)(NC(=O)C1=C(O)[C@@H]2OC3=C4C(C[C@H]5N(CC6CC6)CC[C@@]24[C@@]5(O)C1)=CC=C3O)C1=NC(=NO1)C1=CC=CC=C1,Naldemedine,0
COC(=O)N[C@H](C(=O)N[C@@H](CC1=CC=CC=C1)[C@@H](O)CN(CC1=CC=C(C=C1)C1=CC=CC=N1)NC(=O)[C@@H](NC(=O)OC)C(C)(C)C)C(C)(C)C,Atazanavir,0
CC1=C(CCO[P@](O)(=O)O[P@](O)([O-])=O)SC=[N+]1CC1=CN=C(C)N=C1N,cocarboxylase,0
C[C@]12CCC3=C4CCC(=O)C=C4CC[C@H]3[C@@H]1CC[C@@]2(O)CC#N,Dienogest,0
O=N(=O)C1=CC=C(C=C1)C1=CC=CC=C1,P-NITROBIPHENYL,0
C[C@@H](O[C@H]1OCCN(CC2=NC(=O)N(N2)P(O)(O)=O)[C@H]1C1=CC=C(F)C=C1)C1=CC(=CC(=C1)C(F)(F)F)C(F)(F)F,Fosaprepitant,0
CCC[C@H](NC(=O)[C@@H]1[C@H]2CCC[C@H]2CN1C(=O)[C@@H](NC(=O)[C@@H](NC(=O)C1=NC=CN=C1)C1CCCCC1)C(C)(C)C)C(=O)C(=O)NC1CC1,Telaprevir,0
C[C@@H](C1=NC=NC=C1F)[C@](O)(CN1C=NC=N1)C1=C(F)C=C(F)C=C1,voriconazole,0
CS(=O)(=O)CCNCC1=CC=C(O1)C1=CC2=C(C=C1)N=CN=C2NC1=CC(Cl)=C(OCC2=CC(F)=CC=C2)C=C1,Lapatinib,0
CC1(C)\C(=C\C=C\C=C\C=C\C2=[N+](CCCCS(O)(=O)=O)C3=C(C4=CC=CC=C4C=C3)C2(C)C)N(CCCCS(O)(=O)=O)C2=C1C1=CC=CC=C1C=C2,Indocyanine green acid form,0
CCCO,Propyl alcohol,0
OC(=O)CCCCCCCC(O)=O,azelaic acid,0
NCCCC[C@H](NC(=O)[C@@H]1CCCN1C(=O)[C@@H]1CSSC[C@H](NC(=O)CNC(=O)CNC(=O)CN)C(=O)N[C@@H](CC2=CC=C(O)C=C2)C(=O)N[C@@H](CC2=CC=CC=C2)C(=O)N[C@@H](CCC(N)=O)C(=O)N[C@@H](CC(N)=O)C(=O)N1)C(=O)NCC(N)=O,Terlipressin,0
C[C@]12CC[C@H]3[C@@H](CCC4=C3C=CC(O)=C4)[C@@H]1CC[C@@]2(O)C#C,ethinyl estradiol,0
CC(C)(C)C1=NC(=C(S1)C1=NC(N)=NC=C1)C1=C(F)C(NS(=O)(=O)C2=C(F)C=CC=C2F)=CC=C1,Dabrafenib,0
C[C@]12CC[C@H]3[C@@H](CC(=C)C4=CC(=O)C=C[C@]34C)[C@@H]1CCC2=O,Exemestane,0
CCN(CC1=CC=NC=C1)C(=O)C(CO)C1=CC=CC=C1,Tropicamide,0
CCN1CCCC1CNC(=O)C1=C(OC)C=CC(=C1)S(N)(=O)=O,sulpiride,0
CC(=O)O[C@H]1[C@H](C[C@H]2[C@@H]3CC[C@H]4C[C@H](OC(C)=O)[C@H](C[C@]4(C)[C@H]3CC[C@]12C)N1CCCCC1)[N+]1(C)CCCCC1,Vecuronium,0
C[C@H](CCC(O)=O)[C@H]1CC[C@H]2[C@@H]3[C@H](O)C[C@@H]4C[C@H](O)CC[C@]4(C)[C@H]3C[C@H](O)[C@]12C,cholic acid,0
C[C@H](CCC(=O)NCCS(O)(=O)=O)[C@H]1CC[C@H]2[C@@H]3[C@@H](O)C[C@@H]4C[C@H](O)CC[C@]4(C)[C@H]3CC[C@]12C,Tauroursodeoxycholic acid,0
CCC(=O)O[C@@H](O[P@](=O)(CCCCC1=CC=CC=C1)CC(=O)N1C[C@@H](C[C@H]1C(O)=O)C1CCCCC1)C(C)C,fosinopril,0
C[C@@H]1CC[C@H]2[C@@H](C)C(O)O[C@@H]3O[C@@]4(C)CC[C@@H]1[C@@]23OO4,Artenimol,0
COC(CNC(N)=O)C[Hg]Cl,CHLORMERODRIN,0
CC[C@]12C=CC3=C4CCC(=O)C=C4CC[C@H]3[C@@H]1CC[C@@]2(O)C#C,Gestrinone,0
CCOP(=O)(OCC)SCC[N+](C)(C)C,Echothiophate,0
OC[C@H]1O[C@@H](OC2=CC=C(O)C=C2)[C@H](O)[C@@H](O)[C@@H]1O,Arbutin,0
CCC(C)C1(CC=C)C(=O)NC(=O)NC1=O,Talbutal,0
CC(C)C[C@H](NC(=O)[C@@H](COC(C)(C)C)NC(=O)[C@H](CC1=CC=C(O)C=C1)NC(=O)[C@H](CO)NC(=O)[C@H](CC1=CNC2=CC=CC=C12)NC(=O)[C@H](CC1=CN=CN1)NC(=O)[C@@H]1CCC(=O)N1)C(=O)N[C@@H](CCCN=C(N)N)C(=O)N1CCC[C@H]1C(=O)NNC(N)=O,GOSERELIN,0
CCOC(=O)C1=CC=C(N)C=C1,Benzocaine,0
CC(C)(C)NC[C@H](O)COC1=NSN=C1N1CCOCC1,Timolol,0
CC(C)C[C@H](NC(=O)[C@H](CCC1=CC=CC=C1)NC(=O)CN1CCOCC1)C(=O)N[C@@H](CC1=CC=CC=C1)C(=O)N[C@@H](CC(C)C)C(=O)[C@@]1(C)CO1,Carfilzomib,0
CC(C)N1CCN(CC1)C1=CC=C(OC[C@H]2CO[C@@](CN3C=NC=N3)(O2)C2=C(Cl)C=C(Cl)C=C2)C=C1,terconazole,0
CO[C@@H]1[C@@H](C[C@H]2O[C@]1(C)N1C3=C(C=CC=C3)C3=C1C1=C(C4=C(C=CC=C4)N21)C1=C3CNC1=O)N(C)C(=O)C1=CC=CC=C1,midostaurin,0
C[C@@H](CN1CC(=O)NC(=O)C1)N1CC(=O)NC(=O)C1,Dexrazoxane,0
CCC(C)(OC1=CC=C(C=C1)C1(CCCCC1)C1=CC=C(OC(C)(CC)C(O)=O)C=C1)C(O)=O,clinofibrate,0
CO[C@H]1C[C@H]2OC[C@@]2(OC(C)=O)[C@H]2[C@H](OC(=O)C3=CC=CC=C3)[C@]3(O)C[C@H](OC(=O)[C@H](O)[C@@H](NC(=O)OC(C)(C)C)C4=CC=CC=C4)C(C)=C([C@@H](OC)C(=O)[C@]12C)C3(C)C,CABAZITAXEL,0
NC(CO)C(=O)NNCC1=C(O)C(O)=C(O)C=C1,Benserazide,0
CCCC1=NN(C)C2=C1NC(=NC2=O)C1=C(OCC)C=CC(=C1)S(=O)(=O)N1CCN(C)CC1,sildenafil,0
NS(=O)(=O)C1=C(Cl)C=C2NC(NS(=O)(=O)C2=C1)C1CC2CC1C=C2,CYCLOTHIAZIDE,0
CC1=C(N2[C@H](SC1)[C@H](NC(=O)[C@H](N)C1=CC=C(O)C=C1)C2=O)C(O)=O,Cefadroxil,0
OC(=O)C1=CC=C(C=C1)N1N=C(N=C1C1=CC=CC=C1O)C1=CC=CC=C1O,Deferasirox,0
NC(=O)C1=CN(C=CC1)[C@@H]1O[C@H](CO[P@](O)(=O)O[P@](O)(=O)OC[C@H]2O[C@H]([C@H](O)[C@@H]2O)N2C=NC3=C(N)N=CN=C23)[C@@H](O)[C@H]1O,NADH,0
CC1=CC=C(C=C1)S(=O)(=O)NC(=O)NN1CC2CCCC2C1,gliclazide,0
C[C@]12CC[C@H]3[C@@H](CCC4=CC(=O)C=C[C@]34C)[C@@H]1CCC(=O)O2,Testolactone,0
CCCCCCCCCCCCCC(=O)OCC(COP(O)(=O)OCC(O)CO)OC(=O)CCCCCCCCCCCCC,DL-dimyristoylphosphatidylglycerol,0
C[C@H](\C=C\[C@H](C)C(C)(C)O)[C@H]1CC[C@H]2\C(CCC[C@]12C)=C\C=C1C[C@@H](O)C[C@H](O)C1,Paricalcitol,0
OC1=CC=C(C=C1)C1(OC2=CC=CC=C2NC1=O)C1=CC=C(O)C=C1,Bisoxatin,0
CC1(C)S[C@@H]2[C@H](NC(=O)COC3=CC=CC=C3)C(=O)N2[C@H]1C(O)=O,Phenoxymethylpenicillin,0
CS(=O)(=O)C1=CC(Cl)=C(C=C1)C(=O)NC1=CC=C(Cl)C(=C1)C1=CC=CC=N1,Vismodegib,0
CC(C)C1=NC(=NC(C2=CC=C(F)C=C2)=C1\C=C\[C@@H](O)C[C@@H](O)CC(O)=O)N(C)S(C)(=O)=O,Rosuvastatin,0
COC1=CC=C(CC(C)NCC(O)C2=CC(NC=O)=C(O)C=C2)C=C1,FORMOTEROL,0
COC1=CC=C(C[C@@H](C)NC[C@H](O)C2=CC(NC=O)=C(O)C=C2)C=C1,Arformoterol,0
CC(C)NCC(O)COC1=C(C)C(C)=C(OC(C)=O)C(C)=C1,Metipranolol,0
CC(C)COC1=C(C=C(C=C1)C1=NC(C)=C(S1)C(O)=O)C#N,FEBUXOSTAT,0
CCOC(CN1CCN(CC(C)C(=O)C2=CC=CC=C2)CC1)C1=CC=CC=C1,Eprazinone,0
CCC(C)CCCCC(=O)NC(CCNCS([O-])(=O)=O)C(=O)NC(C(C)O)C(=O)NC(CCNCS([O-])(=O)=O)C(=O)NC1CCNC(=O)C(NC(=O)C(CCNCS([O-])(=O)=O)NC(=O)C(CCNCS([O-])(=O)=O)NC(=O)C(CC(C)C)NC(=O)C(CC(C)C)NC(=O)C(CCNCS([O-])(=O)=O)NC1=O)C(C)O,Colistimethate,0
CC(N(CC1=CN=C(C)NC1=N)C=O)=C(CCOP(O)(O)=O)SC(=O)C1=CC=CC=C1,Benfotiamine,0
COC(=O)N[C@@H](C(C)C)C(=O)N1CCC[C@H]1C1=NC(=CN1)C1=CC2=C(C=C1)N1[C@@H](OC3=C(C=CC(=C3)C3=CNC(=N3)[C@@H]3CCCN3C(=O)[C@@H](NC(=O)OC)C(C)C)C1=C2)C1=CC=CC=C1,Elbasvir,0
CO[C@]1(NC(=O)C(C(O)=O)C2=CSC=C2)[C@H]2SC(C)(C)[C@@H](N2C1=O)C(O)=O,Temocillin,0
CCCCCCCCCCCCCCCCO,cetyl alcohol,0
ClC1=CC(Cl)=C(COC(CN2C=CN=C2)C2=C(Cl)C=C(Cl)C=C2)C=C1,miconazole,0
OC[C@@H](O[C@@H]1O[C@H](CO)[C@H](O)[C@H](O)[C@H]1O)[C@H](O)[C@@H](O)C=O,Gaxilose,0
CCCCOC1=CC=C(C=C1)C(=O)CCN1CCCCC1,dyclonine,0
CC(=O)NC1=NN=C(S1)S(N)(=O)=O,Acetazolamide,0
CCC(CC)(CC(=O)NC1=CC=CC(\C=C\C2=NC(=CS2)C2CCC2)=C1)C(O)=O,Cinalukast,0
CC(=O)N[C@@H](CC1=CC=C(O)C=C1)C(O)=O,N-Acetyltyrosine,0
O=C(O[Cr](OC(=O)C1=CC=CC=N1)OC(=O)C1=CC=CC=N1)C1=CC=CC=N1,Chromium picolinate,0
CCC(=O)O[C@@]1([C@@H](C)C[C@H]2[C@@H]3CCC4=CC(=O)C=C[C@]4(C)[C@@]3(F)[C@@H](O)C[C@]12C)C(=O)CCl,CLOBETASOL PROPIONATE,0
