SMILES,NAME,Activation Status
OC(CC=O)C=O,2-hydroxysuccinaldehyde,1
CNC(=O)C1=CC=CC=C1SC1=CC=C2C(NN=C2C=CC2=CC=CC=N2)=C1,Axitinib,1
N[C@H]1[C@@H]2CN(C[C@H]12)C1=NC2=C(C=C1F)C(=O)C(=CN2C1=CC=C(F)C=C1F)C(O)=O,Trovafloxacin,1
CN(C)CCCN1C2=CC=CC=C2CCC2=CC=CC=C12,Imipramine,1
ClC1=CC=C2N3C=NN=C3CN=C(C3=CC=CC=C3)C2=C1,ESTAZOLAM,1
OC[C@H]1O[C@@H]2[C@@H](OC3=NC(=N)C(F)=CN23)[C@@H]1O,"5-Fluoro-2,2'-cyclocytidine",1
ClC1=CC=C(COC(CN2C=CN=C2)C2=CC=C(Cl)C=C2Cl)C(Cl)=C1,miconazole,1
CC1=C(C(=O)N[C@H]2[C@H]3SC(C)(C)[C@@H](N3C2=O)C(O)=O)C(=NO1)C1=CC=CC=C1,Oxacillin,1
CC1=C(C(=O)N[C@H]2[C@H]3SC(C)(C)[C@@H](N3C2=O)C(O)=O)C(=NO1)C1=CC=CC=C1Cl,Cloxacillin,1
CCCN(CCC)S(=O)(=O)C1=CC=C(C=C1)C(O)=O,Probenecid,1
CN1CCN2C(C1)C1=CC=CC=C1CC1=CC=CC=C21,Mianserin,1
N[C@@H](CC1=CNC2=CC=CC=C12)C(O)=O,Tryptophan,1
CCN(C(C)=O)C1=CC=CC(=C1)C1=CC=NC2=C(C=NN12)C#N,Zaleplon,1
CC(=O)OC1=CC=CC=C1C(O)=O,acetylsalicylic?acid,1
CC(=O)OC[C@H]1O[C@H]([C@H](OC(C)=O)[C@@H]1OC(C)=O)N1N=CC(=O)NC1=O,AZARIBINE,1
NC12CC3CC(CC(C3)C1)C2,Amantadine,1
NC(N)=S,thiourea,1
CCOP(=O)(OCC)O\C(=C/Cl)C1=CC=C(Cl)C=C1Cl,Chlorfenvinphos,1
NC1=CC=C(C=C1)S(=O)(=O)C1=CC=C(N)C=C1,dapsone,1
CCC(CO)NCCNC(CC)CO,Ethambutol,1
CN[C@H]1CC[C@@H](C2=CC=C(Cl)C(Cl)=C2)C2=CC=CC=C12,Sertraline,1
OC(=O)COCCN1CCN(CC1)C(C1=CC=CC=C1)C1=CC=C(Cl)C=C1,cetirizine,1
NC1=C2CCCCC2=NC2=C1C=CC=C2,Tacrine,1
CC(C)OP(C)(F)=O,SARIN,1
[O-][N+](=O)C1=CC=C(O1)\C=N\N1CC(=O)NC1=O,nitrofurantoin,1
CC[C@@]1([O-])C(=O)OCC2=C1C=C1N(CC3=C1N=C1C=CC=CC1=C3)C2=O,Camptothecin sodium,1
CC(CC1=CC=CC=C1)N(C)CC#C,Deprenyl,1
CCC[C@@H]1C[C@H](N(C)C1)C(=O)N[C@H]([C@@H](C)O)[C@H]1O[C@H](SC)[C@H](O)[C@@H](O)[C@H]1O,Lincomycin hydrochloride,1
NC(=N)C1=CC=C(OCCCCCOC2=CC=C(C=C2)C(N)=N)C=C1,Pentamidine mesylate,1
NCC(=O)CCC(O)=O,5-aminolevulinic,1
[O-]C(=O)CN(CC([O-])=O)C1=C(C#N)C(CC([O-])=O)=C(S1)C([O-])=O,STRONTIUM,1
CO,methyl alcohol,1
CO[C@]12[C@@H]3[C@H](CN1C1=C([C@H]2COC(N)=O)C(=O)C(N)=C(C)C1=O)N3C,Porfiromycin,1
CN(C)C1=NC(=NC(=N1)N(C)C)N(C)C,Altretamine,1
CSC1=CC=C2SC3=CC=CC=C3N(CCC3CCCCN3C)C2=C1,Thioridazine,1
COC1=CC=C(C=C1)[C@@H]1SC2=CC=CC=C2N(CCN(C)C)C(=O)[C@@H]1OC(C)=O,Diltiazem,1
CN1C=NC(=C1SC1=NC=NC2=C1NC=N2)[N+]([O-])=O,Azathioprine,1
CCN(C)C(=O)OC1=CC=CC(=C1)C(C)N(C)C,Rivastigmine,1
C[C@@H]1O[C@H](C[C@H](N)[C@@H]1O)O[C@H]1C[C@@](O)(CC2=C(O)C3=C(C(O)=C12)C(=O)C1=C(O)C=CC=C1C3=O)C(C)=O,Carminomycin,1
O=C1NC(=O)C(N1)(C1=CC=CC=C1)C1=CC=CC=C1,Phenytoin,1
FC1=CNC(=O)NC1=O,Fluorouracil,1
CN1CCN(CC1)C(C1=CC=CC=C1)C1=CC=CC=C1,CYCLIZINE,1
C[N+]1=CC=C(C=C1)C1=CC=[N+](C)C=C1,Paraquat dichloride,1
CCCCCCCCCCCCCCCCCCCC(O)=O,Eicosapentaenoic acid,1
NCCCCCC(O)=O,aminocaproic acid,1
OC[C@@H](O)[C@@H](O[C@H]1O[C@H](CO)[C@@H](O)[C@H](O)[C@H]1O)[C@H](O)[C@@H](O)C=O,Maltose,1
COC1=CC=C2SC3=CC=CC=C3N(C[C@H](C)CN(C)C)C2=C1,Levomepromazine,1
OCCOCCN1CCN(CC1)C1=NC2=CC=CC=C2SC2=CC=CC=C12,Quetiapine,1
CCC1=CC=C(C=C1)C(C)CCC1=CC=C(C=C1)[N+](C)(C)C,Colestyramine,1
C\C(=C/CO)\C=C\C=C(/C)\C=C\C1=C(C)CCCC1(C)C,Retinol,1
OC1=CC=CC=C1,cresol,1
CCCCNC1=CC(=CC(=C1OC1=CC=CC=C1)S(N)(=O)=O)C(O)=O,Bumetanide,1
CCC(C(O)=O)C1=CC=CC=C1,phenylbutyric,1
CN1CCN(CC1)C1=NC2=CC(Cl)=CC=C2NC2=CC=CC=C12,Clozapine,1
CN(C)C1=CC=C(N)C=C1,"N,N-DIMETHYL-P-BENZENEDIAMINE",1
COC(=O)CCC(=O)CN,Methyl,1
CCC[C@H](N[C@@H](C)C(=O)N1[C@H]2CCCC[C@H]2C[C@H]1C(O)=O)C(=O)OCC,PERINDOPRIL,1
CCC1=C(C)CN(C(=O)NCCC2=CC=C(C=C2)S(=O)(=O)NC(=O)N[C@H]2CC[C@H](C)CC2)C1=O,glimepiride,1
NC(CC1=CC=C(O)C=C1)C(O)=O,Glat,1
CNCCC(OC1=C2C=CC=CC2=CC=C1)C1=CC=CS1,duloxetine,1
O=C1C[C@@H]2OCC=C3CN4CC[C@@]56[C@@H]4C[C@@H]3[C@@H]2[C@@H]5N1C1=CC=CC=C61,Strychnine sulfate,1
CC(C)NCC(O)COC1=CC=C(COCCOC(C)C)C=C1,Bisoprolol,1
CCCCC1=C(C(=O)C2=CC(I)=C(OCCN(CC)CC)C(I)=C2)C2=C(O1)C=CC=C2,Amiodarone,1
CN(C)C(=O)CC1=C(N=C2C=CC(C)=CN12)C1=CC=C(C)C=C1,zolpidem,1
CC(C)OC(=O)OCOP(=O)(COC(C)CN1C=NC2=C(N)N=CN=C12)OCOC(=O)OC(C)C,Tenofovir,1
CN(C)CCCN1C2=CC=CC=C2SC2=CC=C(Cl)C=C12,Chlorpromazine,1
FC1=CC=C(C=C1)C(CCCN1CCC(CC1)N1C(=O)NC2=CC=CC=C12)C1=CC=C(F)C=C1,pimozide,1
CO[C@H]1C=CO[C@@]2(C)OC3=C(C)C(O)=C4C(O)=C(NC(=O)\C(C)=C/C=C\[C@H](C)[C@H](O)[C@@H](C)[C@@H](O)[C@@H](C)[C@H](OC(C)=O)[C@@H]1C)C(\C=N\N1CCN(C)CC1)=C(O)C4=C3C2=O,Rifampin,1
S=P(N1CC1)(N1CC1)N1CC1,Thiotepa,1
CCO,Ethanol,1
COC1=CC=C2C=C(C=CC2=C1)[C@H](C)C(O)=O,Naproxen,1
CCOC(=O)N1CCC(CC1)=C1C2=CC=C(Cl)C=C2CCC2=CC=CN=C12,Loratadine,1
C[C@]12C[C@H](O)[C@H]3[C@@H](CCC4=CC(=O)C=C[C@]34C)[C@@H]1CC[C@]2(O)C(=O)COC(=O)CCCC1=CC=C(C=C1)N(CCCl)CCCl,Prednimustine,1
CC(C)OC(=O)C(C)(C)OC1=CC=C(C=C1)C(=O)C1=CC=C(Cl)C=C1,Fenofibrate,1
COC1=C(OC)C(OC)=C2C(CC[C@H](N)C3=CC(=O)C(OC)=CC=C23)=C1,Desacetylcolchicine d-tartrate,1
NC(=O)NO,hydroxyurea,1
OC(=O)CCC(=O)C1=CC=C(C=C1)C1=CC=CC=C1,Fenbufen,1
CC(=O)S[C@@H]1CC2=CC(=O)CC[C@]2(C)[C@H]2CC[C@@]3(C)[C@@H](CC[C@@]33CCC(=O)O3)[C@H]12,spironolactone,1
FC(F)OC(F)C(F)(F)F,Desflurane,1
COC1=C(OC)C(OC)=C2C(CC[C@H](NC(C)=O)C3=CC(=O)C(OC)=CC=C23)=C1,colchicine,1
NS(=O)(=O)C1=CC(C(O)=O)=C(NCC2=CC=CO2)C=C1Cl,Furosemide,1
CC(C)(C)NCC(O)C1=CC=C(O)C(CO)=C1,salbutamol,1
CCN1CCC[C@H]1CNC(=O)C1=C(OC)C=CC(Br)=C1OC,remoxipride,1
C[N+](C)(C)CC(O)CC(O)=O,Carnitine,1
CCCNC(=O)NS(=O)(=O)C1=CC=C(Cl)C=C1,chlorpropamide,1
CN(C)CCCC1(OCC2=CC(=CC=C12)C#N)C1=CC=C(F)C=C1,Citalopram,1
FC(F)(F)C(F)(F)C(F)(F)F,Optison,1
CC[C@]1(O)C[C@@H]2CN(C1)CCC1=C(NC3=CC=CC=C13)[C@@](C2)(C(=O)OC)C1=CC2=C(C=C1OC)N(C)[C@@H]1[C@]22CCN3CC=C[C@](CC)([C@@H]23)[C@@H](OC(C)=O)[C@]1(O)C(=O)OC,Vinblastine sulfate,1
NS(=O)(=O)C1=CC2=C(NCNS2(=O)=O)C=C1Cl,Hydrochlorothiazide,1
CCCCCN=C(N)N\N=C\C1=CNC2=CC=C(OC)C=C12,tegaserod,1
NC1=NC(=O)N(C=N1)[C@@H]1O[C@H](CO)[C@@H](O)[C@@H]1O,FAZARABINE,1
CCC[N@@+]12[C@H]3C[C@]45[C@H](O)[C@H]3[C@@H](C[C@H]1[C@@H]4N(C)C1=CC=CC=C51)[C@H](CC)[C@H]2O,Prajmalium bitartrate,1
CCCSC1=CC=C2NC(NC(=O)OC)=NC2=C1,Albendazole,1
O=C1N=CNC2=C1C=NN2,allopurinol,1
CN\C(NCCSCC1=C(C)NC=N1)=N/C#N,Cimetidine hydrochloride,1
NC1=NC2=C(N=CN2COCCO)C(=O)N1,Acyclovir,1
[O-]C(=O)CN(CCN(CC([O-])=O)CC([O-])=O)CCN(CC([O-])=O)C(COCC1=CC=CC=C1)C([O-])=O,gadobenate,1
NCCC(O)(P(O)([O-])=O)P(O)([O-])=O,pamidronate,1
CCCCCCOC(=O)N=C(N)C1=CC=C(NCC2=NC3=CC(=CC=C3N2C)C(=O)N(CCC(=O)OCC)C2=CC=CC=N2)C=C1,Dabigatran,1
COC(=O)C1=C(C)NC(C)=C(C1C1=CC=CC(=C1)[N+]([O-])=O)C(=O)OCC[NH+](C)CC1=CC=CC=C1,nicardipine,1
CCOC1=CC=C2C=CC=CC2=C1C(=O)N[C@H]1[C@H]2SC(C)(C)[C@@H](N2C1=O)C([O-])=O,NAFCILLIN SODIUM,1
NC1=CC(=NC(N)=N1=O)N1CCCCC1,Minoxidil,1
NC1=NC2=C(N=CN2[C@H]2C[C@H](O)[C@@H](CO)C2=C)C(=O)N1,Entecavir,1
CN1C(CC([O-])=O)=CC=C1C(=O)C1=CC=C(C)C=C1,TOLMETIN SODIUM,1
CC(=O)OCC1=C(N2[C@H](SC1)[C@H](NC(=O)CSC1=CC=NC=C1)C2=O)C([O-])=O,Cephapirin Sodium,1
[O-]P([O-])(=O)OCN1C(=O)NC(C1=O)(C1=CC=CC=C1)C1=CC=CC=C1,FOSPHENYTOIN,1
OS(=O)(=O)CCS,Mesna,1
CCCCN1CCCCC1C(=O)NC1=C(C)C=CC=C1C,bupivacaine,1
OC(=O)CCCCC1CCSS1,Thioctic Acid for Injection,1
CC=C1NC(=O)C2CSSCCC=CC(CC(=O)NC(C(C)C)C(=O)N2)OC(=O)C(NC1=O)C(C)C,Romidepsin,1
CN(CC=CC1=CC=CC=C1)CC1=C2C=CC=CC2=CC=C1,NAFTIFINE,1
CCC(C)C(=O)OC1CC(O)C=C2C=CC(C)C(CCC(O)CC(O)CC(O)=O)C12,Pravastatin,1
CCCCCCC(=O)OC1CCC2C3CCC4=CC(=O)CCC4(C)C3CCC12C,Testosterone,1
CCCCC1=NC(Cl)=C(CO)N1CC1=CC=C(C=C1)C1=CC=CC=C1C1=NNN=N1,Losartan,1
CS(=O)(=O)OCCCCOS(C)(=O)=O,Busulfan,1
NC1=C2N=CN(C3OC(CO)C(O)C3F)C2=NC(Cl)=N1,Clofarabine,1
CCOC(=O)NC1CCC2C(CC3C(C(C)OC3=O)C2C=CC2=CC=C(C=N2)C2=CC=CC(F)=C2)C1,Vorapaxar,1
CC(=O)OC12COC1CC(O)C1(C)C2C(OC(=O)C2=CC=CC=C2)C2(O)CC(OC(=O)C(O)C(NC(=O)OC(C)(C)C)C3=CC=CC=C3)C(C)=C(C(O)C1=O)C2(C)C,Docetaxel,1
CN(CS([O-])(=O)=O)C1=C(C)N(C)N(C1=O)C1=CC=CC=C1,dipyrone,1
CC(C)CC1N2C(=O)C(NC(=O)C3CN(C)C4CC5=C(Br)NC6=CC=CC(=C56)C4=C3)(OC2(O)C2CCCN2C1=O)C(C)C,Bromocriptine,1
CC1=C(C)C2=C(CCC(C)(COC3=CC=C(CC4SC(=O)NC4=O)C=C3)O2)C(C)=C1O,Troglitazone,1
COCCCCC(=NOCCN)C1=CC=C(C=C1)C(F)(F)F,fluvoxamine,1
ClC1=CC=CC(N2CCN(CCCCOC3=CC=C4CCC(=O)NC4=C3)CC2)=C1Cl,ARIPIPRAZOLE,1
CC(NC(CCC1=CC=CC=C1)C(O)=O)C(=O)N1C2CCCCC2CC1C(O)=O,trandolaprilat,1
COC1OC(COS(O)(=O)=O)C(OC2OC(C(OC)C(O)C2OS(O)(=O)=O)C([O-])=O)C([O-])C1NOS(O)(=O)=O,heparin,1
COC1=CC2=C(C=C1OC)C(N)=NC(=N2)N(C)CCCNC(=O)C1CCCO1,alfuzosin,1
COC1C(CC(O)CN)OC2CC3OC(CC(C)C3=C)CCC3OC(CC3=C)CCC34CC5OC6C(OC7CCC(CC(=O)CC12)OC7C6O3)C5O4,Eribulin,1
CC1OC(CC(O)C1O)OC1C(O)CC(OC2C(O)CC(OC3CCC4(C)C(CCC5C4CC(O)C4(C)C(CCC54O)C4=CC(=O)OC4)C3)OC2C)OC1C,Digoxin,1
CC1CCCC2(C)OC2CC(NC(=O)CC(O)C(C)(C)C(=O)C(C)C1O)C(C)=CC1=CSC(C)=N1,Ixabepilone,1
O[C@@H](C(=O)N[C@H]1[C@H]2SCC(CSC3=NN=NN3CS(O)(=O)=O)=C(N2C1=O)C(O)=O)C1=CC=CC=C1,Cefonicid,1
CC1=C(CCN2CCC(CC2)C2=NOC3=C2C=CC(F)=C3)C(=O)N2CCCCC2=N1,Risperidone,1
CON=C(C(=O)NC1C2SCC(COC(C)=O)=C(N2C1=O)C([O-])=O)C1=CSC(N)=N1,cefotaxime,1
NC1=NC(=CS1)C(=NO)C(=O)NC1C2SCC(C=C)=C(N2C1=O)C(O)=O,CEFDINIR,1
CCOC(=O)C(CCC1=CC=CC=C1)NC(C)C(=O)N1C2CCCC2CC1C(O)=O,Ramipril,1
NCCCNCCSP(O)(O)=O,Amifostine,1
CCC12CCC3C(CCC4=CC(=O)CCC34)C1CCC2(O)C#C,Levonorgestrel,1
CC(CCC(O)=O)C1CCC2C3C(O)CC4CC(O)CCC4(C)C3CCC12C,UDCA,1
COC1=CC=NC(CS(=O)C2=NC3=CC=C(OC(F)F)C=C3N2)=C1OC,Pantoprazole,1
O=C(NC1=CC=CC=C1)C1C(=O)NC(=S)NC1=O,MERBARONE,1
CCCC1=NN(C)C2=C1N=C(NC2=O)C1=CC(=CC=C1OCC)S(=O)(=O)N1CCN(C)CC1,sildenafil,1
CCOC1=NC2=CC=CC(C(O)=O)=C2N1CC1=CC=C(C=C1)C1=CC=CC=C1C1=NNN=N1,Candesartan,1
CC(C)(C#N)C1=CC(=CC(CN2C=NC=N2)=C1)C(C)(C)C#N,Anastrozole,1
CC(C)C(=O)OCC(=O)C12OC(OC1CC1C3CCC4=CC(=O)C=CC4(C)C3C(O)CC21C)C1CCCCC1,CICLESONIDE,1
CN1C(=O)C([O-])=C(N=C1C(C)(C)NC(=O)C1=NN=C(C)O1)C(=O)NCC1=CC=C(F)C=C1,Raltegravir,1
NC1=CC=C(N=NC2=CC=CC=C2)C(N)=N1,Phenazopyridine,1
CC(O)(P(O)(O)=O)P(O)(O)=O,etidronate,1
NC(N)=NN=CC1=C(Cl)C=CC=C1Cl,Icodextrin,1
OC(=O)C1=CC(=CC=C1O)N=NC1=CC=C(O)C(=C1)C(O)=O,olsalazine,1
O=C1CCC2=CC(OCCCCC3=NN=NN3C3CCCCC3)=CC=C2N1,Cilostazol,1
OC(=O)C1=CN(C2CC2)C2=CC(N3CCNCC3)=C(F)C=C2C1=O,Ciprofloxacin,1
COC1=C(N2CCNC(C)C2)C(F)=CC2=C1N(C=C(C(O)=O)C2=O)C1CC1,gatifloxacin,1
CC1=C(O)C=CC=C1C(=O)NC(CSC1=CC=CC=C1)C(O)CN1CC2CCCCC2CC1C(=O)NC(C)(C)C,nelfinavir,1
CC(NCCCC1=CC=CC(=C1)C(F)(F)F)C1=C2C=CC=CC2=CC=C1,Cinacalcet,1
CCC1=NN(CCCN2CCN(CC2)C2=CC=CC(Cl)=C2)C(=O)N1CCOC1=CC=CC=C1,Nefazodone,1
COC(=O)N(C)C1=C(N)N=C(N=C1N)C1=NN(CC2=CC=CC=C2F)C2=NC=CC=C12,Riociguat,1
CCOC1=CC=C2C=CC=CC2=C1C(=O)NC1C2SC(C)(C)C(N2C1=O)C(O)=O,Nafcillin,1
CC(C)(OC1=CC=C(CCNC(=O)C2=CC=C(Cl)C=C2)C=C1)C(O)=O,Bezafibrate,1
CCC1=C2NC(C=C3N=C(\C=C4/N=C(/C=C5\N\C(=C/2)C(C)=C5C(C)O)C(C)=C4CCC(O)=O)C(CCC(O)=O)=C3C)=C1C,Photofrin,1
CC(CC1=CC2=C(N(CCCO)CC2)C(=C1)C(N)=O)NCCOC1=CC=CC=C1OCC(F)(F)F,SILODOSIN,1
CC(=O)NC1C(C=C(OC1C(O)C(O)CO)C(O)=O)N=C(N)N,Zanamivir,1
CC12CCC3C(CCC4=CC(=O)CCC34C)C1CCC2O,Testosterone,1
CC(C)C(N)C(=O)OCC(CO)OCN1C=NC2=C1N=C(N)NC2=O,VALGANCICLOVIR,1
COC1CC(CC(C)C2CC(=O)C(C)C=C(C)C(O)C(OC)C(=O)C(C)CC(C)C=CC=CC=C(C)C(CC3CCC(C)C(O)(O3)C(=O)C(=O)N3CCCCC3C(=O)O2)OC)CCC1OCCO,everolimus,1
N[C@@H](CC1=CC=C(C=C1)N(CCCl)CCCl)C(O)=O,Melphalan,1
CC(=O)NCCCS(O)(=O)=O,Acamprosate,1
CCC(C)(C)C(=O)OC1CC(C)C=C2C=CC(C)C(CCC3CC(O)CC(=O)O3)C12,Simvastatin,1
CC1=C(OCC(F)(F)F)C=CN=C1CS(=O)C1=NC2=C(N1)C=CC=C2,Lansoprazole,1
CC(C)(S)C(N)C(O)=O,D-Penicillamine,1
CCCN1CC(CSC)CC2C1CC1=CNC3=CC=CC2=C13,Pergolide,1
ClCCN(CCCl)CCCl,TRICHLORMETHINE HYDROCHLORIDE,1
CC1C(O)CCC2(C)C1CCC1(C)C2C(O)CC2C(C(CC12C)OC(C)=O)=C(CCC=C(C)C)C(O)=O,Fusidic acid,1
CN1N=NC2=C(N=CN2C1=O)C(N)=O,temozolomide,1
CN(C)CCC=C1C2=CC=CC=C2C=CC2=CC=CC=C12,cyclobenzaprine,1
NC1=NC(=O)N(C=C1F)C1CSC(CO)O1,Emtricitabine,1
COC1C=COC2(C)OC3=C(C)C(O)=C4C(O)=C(NC(=O)C(C)=CC=CC(C)C(O)C(C)C(O)C(C)C(OC(C)=O)C1C)C1=C(N=C5C=C(C)C=CN15)C4=C3C2=O,Rifaximin,1
COC1=CC=CC(=C1)C1(O)CCCCC1CN(C)C,tramadol,1
CCN(CC)C(=O)C(=CC1=CC(O)=C(O)C(=C1)[N+]([O-])=O)C#N,Entacapone,1
CC1=C(N2C(SC1)C(NC(=O)C(N)C1=CC=CC=C1)C2=O)C(O)=O,Cephalexin,1
CCC1=CC2CN(C1)CC1=C(NC3=CC=CC=C13)C(C2)(C(=O)OC)C1=CC2=C(C=C1OC)N(C)C1C22CCN3CC=CC(CC)(C23)C(OC(C)=O)C1(O)C(=O)OC,vinorelbine,1
CC(O)=C(C#N)C(=O)NC1=CC=C(C=C1)C(F)(F)F,A77,1
OC(=O)C1CCN2C1=CC=C2C(=O)C1=CC=CC=C1,Ketorolac tromethamine,1
NC1=NN=C(N)N1,Guanazole,1
CC(C)(ON=C(C(=O)NC1C2SCC(C[N+]3=CC=CC=C3)=C(N2C1=O)C([O-])=O)C1=CSC(N)=N1)C(O)=O,Ceftazidime,1
CC1CC2C3CCC4=CC(=O)C=CC4(C)C3(F)C(O)CC2(C)C1(O)C(=O)CO,Dexamethasone,1
CO[C@]1(NC(=O)CC2=CC=CS2)[C@H]2SCC(COC(N)=O)=C(N2C1=O)C(O)=O,Cefoxitin,1
NC1=C(Br)C=C(Br)C=C1CNC1CCC(O)CC1,Ambroxol,1
COC1(NC(=O)CSCC#N)C2SCC(CSC3=NN=NN3C)=C(N2C1=O)C(O)=O,cefmetazole,1
CS(C)=O,dimethyl sulfoxide,1
CC1CC2C3CCC(O)(C(C)=O)C3(C)CCC2C2(C)CCC(=O)C=C12,Medroxyprogesterone,1
CC(=O)OCC1OC([SH2+])C(OC(C)=O)C(OC(C)=O)C1OC(C)=O,AURANOFIN,1
CC1(C)SC2C(NC(=O)C(N)C3=CC=C(O)C=C3)C(=O)N2C1C(O)=O,Amoxicillin/Clavulanic,1
C(OC1=CC=C2OCOC2=C1)C1CNCCC1C1=CC=CC=C1,L-Dmp,1
COC1=C(OC)C=C2C(OC3=CC=C(NC(=O)C4(CC4)C(=O)NC4=CC=C(F)C=C4)C=C3)=CC=NC2=C1,Cabozantinib,1
CC(OC1=CC(=CN=C1N)C1=CN(N=C1)C1CCNCC1)C1=C(Cl)C=CC(F)=C1Cl,Crizotinib,1
CON=C1CN(CC1CN)C1=NC2=C(C=C1F)C(=O)C(=CN2C1CC1)C(O)=O,Gemifloxacin,1
CN(C)CCC1=CNC2=C1C=C(CC1COC(=O)N1)C=C2,zolmitriptan,1
COC1CC(CCC1O)C=C(C)C1OC(=O)C2CCCCN2C(=O)C(=O)C2(O)OC(C(CC2C)OC)C(CC(C)CC(C)=CC(CC=C)C(=O)CC(O)C1C)OC,Tacrolimus,1
COC1=C(C)C2=C(C(=O)OC2)C(O)=C1CC=C(C)CCC(=O)OCCN1CCOCC1,Mycophenolate mofetil,1
CCCCNC(=N)NC([NH3+])=N,buformin hydrochloride,1
NC(=O)C1=C(O)C(=NN1)[C@@H]1O[C@H](CO)[C@@H](O)[C@H]1O,Pyrazofurin,1
OC(=O)C1=CC(=CC=C1O)N=NC1=CC=C(C=C1)S(=O)(=O)NC1=CC=CC=N1,Sulfasalazine,1
CC(O)C1C2C(C)C(SC3CNC(C3)C(=O)NC3=CC=CC(=C3)C(O)=O)=C(N2C1=O)C(O)=O,ertapenem,1
CC1=C(CCC(O)=O)/C2=C/C3=C(CCC(O)=O)C(C)=C([N-]3)/C=C3/N=C(/C=C4\N=C(\C=C\1/[N-]\2)C(C)=C4C=C)C(C)=C3C=C,hemin,1
FC(F)(F)C1(OC(=O)NC2=CC=C(Cl)C=C12)C#CC1CC1,Efavirenz,1
NC1=NC(=O)N(C=C1)C1OC(CO)C(O)C1(F)F,gemcitabine,1
CC1OC(OC2CC3OC(O)(CC(O)C3C(O)=O)CC(O)CC(O)C(O)CCC(O)CC(O)CC(=O)OC(C)C(C)C(O)C(C)C=CC=CC=CC=CC=CC=CC=C2)C(O)C(N)C1O,Amphotericin,1
CC(C)N1C(C=CC(O)CC(O)CC(O)=O)=C(C2=CC=CC=C12)C1=CC=C(F)C=C1,Fluvastatin,1
CCCC(C)(COC(N)=O)COC(=O)NC(C)C,Carisoprodol,1
CC1=CC=NC2=C1NC(=O)C1=CC=CN=C1N2C1CC1,Nevirapine,1
COC1=C2N=CN(C3OC(CO)C(O)C3O)C2=NC(N)=N1,Nelarabine,1
CC(=O)NCC1CN(C(=O)O1)C1=CC=C(N2CCOCC2)C(F)=C1,Linezolid,1
CC12CCC3C(CC(=C)C4=CC(=O)C=CC34C)C1CCC2=O,Exemestane,1
COC(=O)C(N1CCC2=C(C1)C=CS2)C1=CC=CC=C1Cl,Clopidogrel,1
CCCCCCC(C)(C)C1=CC(O)=C2C3CC(=O)CCC3C(C)(C)OC2=C1,Nabilone,1
OC(=O)CCNC(=O)C1=CC=C(C=C1)N=NC1=CC=C(O)C(=C1)C(O)=O,BALSALAZIDE,1
CCCCC1=NC(Cl)=C(CO)N1CC1=CC=C(C=C1)C1=CC=CC=C1C1=NN=N[N-]1,LOSARTAN POTASSIUM,1
COC1=CC=C2N=CC=C(C(O)C3CC4CCN3CC4C=C)C2=C1,Quinine,1
CCCCC(C)(O)CC=CC1C(O)CC(=O)C1CCCCCCC(=O)OC,Misoprostol,1
CCOC(=O)C(CCC1=CC=CC=C1)NC(C)C(=O)N1C2CCCCC2CC1C(O)=O,trandolapril,1
CN1C=CNC1=S,Methimazole,1
CC(=O)NC1=CC=CC=C1,acetanilide,1
ClC1=CC=C2OC3=CC=CC=C3N=C(N3CCNCC3)C2=C1,Amoxapine,1
CCCS(=O)(=O)NC1=CC=C(F)C(C(=O)C2=CNC3=NC=C(C=C23)C2=CC=C(Cl)C=C2)=C1F,Vemurafenib,1
[O-][N+](=O)C1=CC=C(O1)C=NN1CCOC1=O,FURAZOLIDONE,1
COC(=O)NC(C(=O)NC(CC1=CC=CC=C1)C(O)CN(CC1=CC=C(C=C1)C1=CC=CC=N1)NC(=O)C(NC(=O)OC)C(C)(C)C)C(C)(C)C,Atazanavir,1
CCC(C)N1N=CN(C1=O)C1=CC=C(C=C1)N1CCN(CC1)C1=CC=C(OCC2COC(CN3C=NC=N3)(O2)C2=CC=C(Cl)C=C2Cl)C=C1,itraconazole,1
COC1CC2OCC2(OC(C)=O)C2C(OC(=O)C3=CC=CC=C3)C3(O)CC(OC(=O)C(O)C(NC(=O)OC(C)(C)C)C4=CC=CC=C4)C(C)=C(C(OC)C(=O)C12C)C3(C)C,CABAZITAXEL,1
NC1=NC(=O)N(CC(CO)OCP(O)(O)=O)C=C1,Cidofovir,1
CC(C=CC(C)C(C)(C)O)C1CCC2C(CCCC12C)=CC=C1CC(O)CC(O)C1,Paricalcitol,1
COC(=O)CCC1=C2NC(\C=C3\N=C(\C=C4/N\C(=C/C5=N/C(=C\2)/C(CCC(O)=O)=C5C)C(C=C)=C4C)C2=CC=C(C(C(=O)OC)C32C)C(=O)OC)=C1C,verteporfin,1
NC1=NC(=O)N(C=N1)C1CC(O)C(CO)O1,5-Aza-2'-deoxycytidine,1
OC1=CC=C2CC3N(CC4CC4)CCC45C(OC1=C24)C(=O)CCC35O,naltrexone,1
CN(C)N=NC1=C(N=CN1)C(N)=O,Dacarbazine,1
NC1=NC(=O)N(C=C1)C1CSC(CO)O1,Lamivudine,1
OCCN1CC(O)C(O)C(O)C1CO,MIGLITOL,1
COC1C=COC2(C)OC3=C(C)C(O)=C4C(O)=C(NC(=O)C(C)=CC=CC(C)C(O)C(C)C(O)C(C)C(OC(C)=O)C1C)C(C=NN1CCN(C)CC1)=C(O)C4=C3C2=O,Rifampicin,1
CCCC(NC(C)C(=O)N1C2CCCCC2CC1C(O)=O)C(O)=O,Perindoprilat,1
CCCC1(CCC2=CC=CC=C2)CC([O-])=C(C(CC)C2=CC=CC([N-]S(=O)(=O)C3=CC=C(C=N3)C(F)(F)F)=C2)C(=O)O1,Tipranavir,1
OC(CN1C=NC=N1)(CN1C=NC=N1)C1=CC=C(F)C=C1F,Fluconazole,1
OC1COC(OC2COC(O)C(OS(O)(=O)=O)C2OS(O)(=O)=O)C(OS(O)(=O)=O)C1OS(O)(=O)=O,Pentosan,1
NC(N)=NCCCCC1NC(=O)CCSSCC(NC(=O)C2CCCN2C(=O)C(CC2=CNC3=CC=CC=C23)NC(=O)C(CC(O)=O)NC(=O)CNC1=O)C(N)=O,Eptifibatide,1
NC(=O)N1C2=CC=CC=C2C=CC2=CC=CC=C12,carbamazepine,1
CC(C1=NC=NC=C1F)C(O)(CN1C=NC=N1)C1=CC=C(F)C=C1F,voriconazole,1
CC1=NC=C2CN=C(C3=CC=CC=C3F)C3=CC(Cl)=CC=C3N12,MIDAZOLAM HYDROCHLORIDE,1
C#CCNC1CCC2=CC=CC=C12,rasagiline,1
CC1CCC(CC1)NC(=O)N(CCCl)N=O,semustine,1
NC1=C2N=CN(C3OC(CO)C(O)C3O)C2=NC(F)=N1,Fludarabine Base,1
CC1=C(CCN2CCC(CC2)C2=NOC3=C2C=CC(F)=C3)C(=O)N2CCCC(O)C2=N1,Paliperidone,1
COC1=CC2=C(C=C1OC)C(N)=NC(=N2)N1CCN(CC1)C(=O)C1COC2=CC=CC=C2O1,doxazosin,1
CC1=C(C=NO1)C(=O)NC1=CC=C(C=C1)C(F)(F)F,leflunomide,1
CC1OC(OC2C(CO)OC(OC3C(CO)OC(O)C(O)C3O)C(O)C2O)C(O)C(O)C1NC1C=C(CO)C(O)C(O)C1O,Acarbose,1
NCC1OC(OC2C(N)CC(N)C(OC3OC(CO)C(O)C(N)C3O)C2O)C(N)CC1O,TOBRAMYCIN,1
NC1=NC(NC2CC2)=C2N=CN(C3CC(CO)C=C3)C2=N1,abacavir-lamivudine,1
COC1=CC(=CC(OC)=C1O)C1C2C(COC2=O)C(OC2OC3COC(C)OC3C(O)C2O)C2=CC3=C(OCO3)C=C12,Etoposide,1
COC1=C(C)C2=C(C(=O)OC2)C(O)=C1CC=C(C)CCC(O)=O,mycophenolic,1
CCC(C(C)O)N1N=CN(C1=O)C1=CC=C(C=C1)N1CCN(CC1)C1=CC=C(OCC2COC(CN3C=NC=N3)(C2)C2=CC=C(F)C=C2F)C=C1,Posaconazole,1
COC(=O)C1=C(C)NC(C)=C(C1C1=CC=CC=C1[N+]([O-])=O)C(=O)OC,Nifedipine,1
OCC1OC(CC1O)N1C=NC2=C1NC=NCC2O,Pentostatin,1
CCCCCC(O)C=CC1C(O)CC(=O)C1CC=CCCCC(O)=O,PGE2,1
CC(C)CC(NC(=O)C(CCC1=CC=CC=C1)NC(=O)CN1CCOCC1)C(=O)NC(CC1=CC=CC=C1)C(=O)NC(CC(C)C)C(=O)C1(C)CO1,Carfilzomib,1
CN1C(C(=O)NC2=CC=CC=N2)=C(O)C2=CC=CC=C2S1(=O)=O,Piroxicam,1
CN1CCC23C4OC5=C(O)C=CC(CC1C2C=CC4O)=C35,Morphine,1
CCCC1=NC(=C(N1CC1=CC=C(C=C1)C1=CC=CC=C1C1=NNN=N1)C(O)=O)C(C)(C)O,Olmesartan,1
CN(C)C(=N)NC(N)=N,metformin,1
[O-][N+](=O)C1=CC(=CC=C1C(=O)C1C(=O)CCCC1=O)C(F)(F)F,NTBC,1
COC1=CC2=C(CCNC22CSC3C4C5N(C)C(CC6=CC(C)=C(OC)C(O)=C56)C(O)N4C(COC2=O)C2=C4OCOC4=C(C)C(OC(C)=O)=C32)C=C1O,Trabectedin,1
CCN1CCN(C(=O)N[C@@H](C(=O)N[C@H]2[C@H]3SCC(CSC4=NN=NN4C)=C(N3C2=O)C([O-])=O)C2=CC=C(O)C=C2)C(=O)C1=O,CEFOPERAZONE SODIUM,1
CCC(C)C1OC2(CCC1C)CC1CC(CC=C(C)C(OC3CC(OC)C(OC4CC(OC)C(O)C(C)O4)C(C)O3)C(C)C=CC=C3COC4C(O)C(C)=CC(C(=O)O1)C34O)O2,Ivermectin,1
CCCN1CCCCC1C(=O)NC1=C(C)C=CC=C1C,Ropivacaine,1
CN1N=C(C(=O)NC2CC3CCCC(C2)N3C)C2=C1C=CC=C2,granisetron,1
CCCCC(=O)N(CC1=CC=C(C=C1)C1=CC=CC=C1C1=NNN=N1)C(C(C)C)C(O)=O,Valsartan,1
CCCC(NC(C)C(=O)N1C2CCCCC2CC1C(O)=O)C(=O)OCC,PERINDOPRIL,1
O=C1N(C2CCC(=O)NC2=O)C(=O)C2=CC=CC=C12,Thalidomide,1
NC1=NC(=O)N(C=N1)C1OC(CO)C(O)C1O,5-azacytidine,1
CN1C(=O)C(C)=C2N(C(=O)N(C3CC3)C(=O)C2=C1NC1=CC=C(I)C=C1F)C1=CC=CC(NC(C)=O)=C1,Trametinib,1
NC1=C2C(=NC=N1)N(N=C2C1=CC=C(OC2=CC=CC=C2)C=C1)C1CCCN(C1)C(=O)C=C,PCI-32765,1
NC(=O)C1=CN(CC2=C(F)C=CC=C2F)N=N1,Rufinamide,1
CN(CCCl)CCCl,Mechlorethamine hydrochloride,1
CC(OC1OCCN(CC2=NNC(=O)N2)C1C1=CC=C(F)C=C1)C1=CC(=CC(=C1)C(F)(F)F)C(F)(F)F,Aprepitant,1
COC1C(O)C(O)C(OCC2OC(OC3C(O)C(O)C(C)OC3CO)C(O)C(O)C2OC2OC(CO)C(OC)C(O)C2OCCO)OC1CO,Hetastarch,1
CC1=CN(C2CC(N=[N+]=[N-])C(CO)O2)C(=O)NC1=O,beta-interferon/Zidovudine,1
CNC(=O)C1=CC(OC2=CC=C(NC(=O)NC3=CC=C(Cl)C(=C3)C(F)(F)F)C=C2)=CC=N1,Sorafenib,1
CCOC(=O)C(CCC1=CC=CC=C1)NC1CCC2=CC=CC=C2N(CC(O)=O)C1=O,Benazepril,1
CCC1(O)CC2CN(C1)CCC1=C(NC3=CC=CC=C13)C(C2)(C(=O)OC)C1=CC2=C(C=C1OC)N(C=O)C1C22CCN3CC=CC(CC)(C23)C(OC(C)=O)C1(O)C(=O)OC,Vincristine,1
CC12CCC3C(C1CCC2O)C(CCCCCCCCCS(=O)CCCC(F)(F)C(F)(F)F)CC1=CC(O)=CC=C31,ICI,1
CN1CC(C2=CC=CC=C2)C2=CC=CC(N)=C2C1,Nomifensine,1
NNC1=NN=CC2=C1C=CC=C2,Hydralazine,1
CCOC(=O)C(CCC1=CC=CC=C1)NC1CCCN2CCCC(N2C1=O)C(O)=O,Cilazapril,1
CCCSC1=NC(NC2CC2C2=CC=C(F)C(F)=C2)=C2N=NN(C3CC(OCCO)C(O)C3O)C2=N1,Ticagrelor,1
CC1=C(N=NC2=CC=CC(C3=CC=CC(=C3)C(O)=O)=C2O)C(=O)N(N1)C1=CC=C(C)C(C)=C1,Eltrombopag,1
NC1=C2N=CN(C3OC(COP(O)(O)=O)C(O)C3O)C2=NC(F)=N1,FAMP,1
CC(=O)OC1(CCC2C3C=C(Cl)C4=CC(=O)C5CC5C4(C)C3CCC12C)C(C)=O,cyproterone,1
CN(C)CCCN1C2=CC=CC=C2CCC2=CC=C(Cl)C=C12,Chlorimipramine,1
CC1(C)OC2COC3(COS(N)(=O)=O)OC(C)(C)OC3C2O1,Topiramate,1
CCCC(NC(=O)C1C2CCCC2CN1C(=O)C(NC(=O)C(NC(=O)C1=CN=CC=N1)C1CCCCC1)C(C)(C)C)C(=O)C(=O)NC1CC1,d-telaprevir,1
CCCC1=NC2=C(C=C(C=C2C)C2=NC3=C(C=CC=C3)N2C)N1CC1=CC=C(C=C1)C1=CC=CC=C1C(O)=O,Telmisartan,1
CCCCN1CC(O)C(O)C(O)C1CO,Miglustat,1
NC(=O)C1=C2N=NN(CCCl)C(=O)N2C=N1,Mitozolomide,1
COC1C=COC2(C)OC3=C(C2=O)C2=C4NC5(CCN(CC(C)C)CC5)N=C4C(=NC(=O)C(C)=CC=CC(C)C(O)C(C)C(O)C(C)C(OC(C)=O)C1C)C(O)=C2C(O)=C3C,RIFABUTIN,1
COC1=C(OCC2CCN(C)CC2)C=C2N=CN=C(NC3=CC=C(Br)C=C3F)C2=C1,VANDETANIB,1
CC(S)C(=O)NCC(O)=O,Tiopronin,1
CCCCS(=O)(=O)NC(CC1=CC=C(OCCCCC2CCNCC2)C=C1)C(O)=O,Tirofiban,1
NC(C(=O)NC1C2SCC(Cl)=C(N2C1=O)C(O)=O)C1=CC=CC=C1,Cefaclor,1
CC(C)(OC1=CC=C(C=C1)C(=O)C1=CC=C(Cl)C=C1)C(O)=O,fenofibric,1
COC1=CC2=C(C=C1OC)C(=O)C(CC1CCN(CC3=CC=CC=C3)CC1)C2,Donepezil,1
CC(N)C(=O)NC1=C(C)C=CC=C1C,Tocainide hydrochloride,1
CCN1CCN(C(=O)NC(C(=O)NC2C3SCC(CSC4=NN=NN4C)=C(N3C2=O)C(O)=O)C2=CC=C(O)C=C2)C(=O)C1=O,Cefoperazone sulbactam sodium,1
CNC(=O)C1=CC(OC2=CC=C(NC(=O)NC3=CC=C(Cl)C(=C3)C(F)(F)F)C(F)=C2)=CC=N1,Regorafenib,1
CC(C)(C)NCC(O)COC1=CC=CC2=C1SCCC2,TERTATOLOL,1
CC12CC(O)C3C(CCC4=CC(=O)C=CC34C)C1CCC2(O)C(=O)CO,Prednisolone,1
NC1=NC(=CS1)C(=NOCC(O)=O)C(=O)NC1C2SCC(C=C)=C(N2C1=O)C(O)=O,Cefixime,1
CCCCCC(O)CCC1C(O)CC2CC3=C(CC12)C=CC=C3OCC(O)=O,Treprostinil,1
CN1C(CCCC(O)=O)=NC2=CC(=CC=C12)N(CCCl)CCCl,bendamustine,1
ClCCN(CCCl)P1(=O)NCCCO1,Cyclophosphamide,1
CN(C)C1C2CC3CC4=C(C=C(NC(=O)CNC(C)(C)C)C(O)=C4C(O)=C3C(=O)C2(O)C(O)=C(C(N)=O)C1=O)N(C)C,Tigecycline,1
OC(C1CCCCN1)C1=CC(=NC2=C1C=CC=C2C(F)(F)F)C(F)(F)F,mefloquine,1
O=C1C2C3CCC(C3)C2C(=O)N1CC1CCCCC1CN1CCN(CC1)C1=NSC2=CC=CC=C12,Lurasidone,1
CCN(CC)CCNC(=O)C1=C(C)NC(C=C2C(=O)NC3=CC=C(F)C=C23)=C1C,Sunitinib,1
CCCCCCCCCCCC(CC1OC(=O)C1CCCCCC)OC(=O)C(CC(C)C)NC=O,orlistat,1
FC(F)(F)COC1=CC=C(OCC(F)(F)F)C(=C1)C(=O)[NH2+]CC1CCCCN1,Flecainide,1
COC1=CC(=CC(OC)=C1OC)C1C2C(COC2=O)C(O)C2=CC3=C(OCO3)C=C12,PODOPHYLLOTOXIN,1
CC(NC(CCC1=CC=CC=C1)C(O)=O)C(=O)N1CCCC1C(O)=O,CAS,1
CCCCCC(O)C=CC1C(O)CC2OC(CC12)=CCCCC(O)=O,prostacyclin,1
CCCNCC(O)COC1=CC=CC=C1C(=O)CCC1=CC=CC=C1,propafenone,1
NC(=O)C1=NN(C=N1)C1OC(CO)C(O)C1O,Ribavirin,1
NCCCCC(NC(CCC1=CC=CC=C1)C(O)=O)C(=O)N1CCCC1C(O)=O,(2S)-1-[(2S)-6-Amino-2-[[(1S)-1-carboxy-3-phenylpropyl]amino]hexanoyl]pyrrolidine-2-carboxylic acid,1
CC1=CN(C2CC(O)C(CO)O2)C(=O)NC1=O,Thymidine,1
CCC1OC(=O)C(C)C(OC2CC(C)(OC)C(O)C(C)O2)C(C)C(OC2OC(C)CC(C2O)N(C)C)C(C)(CC(C)C(=O)C(C)C(O)C1(C)O)OC,Clarithromycin,1
CC1=CN(C2OC(CO)C=C2)C(=O)NC1=O,Stavudine,1
CC1(C)NC(=O)N(C1=O)C1=CC=C(C(=C1)C(F)(F)F)[N+]([O-])=O,Nilutamide,1
NC1=C2N=CN(C3CC(O)C(CO)O3)C2=NC(Cl)=N1,Leustat,1
CCCN(CCC1=CC=CS1)C1CCC2=C(O)C=CC=C2C1,Rotigotine,1
CN(C)C1=CC=C(O)C2=C1CC1CC3C([NH+](C)C)C(=O)C(C(N)=O)=C([O-])C3(O)C(=O)C1=C2[O-],Minocycline,1
CC12CC3CC(C)(C1)CC(N)(C3)C2,memantine,1
OC1=C(C2CCC(CC2)C2=CC=C(Cl)C=C2)C(=O)C(=O)C2=CC=CC=C12,Atovaquone,1
CCOC(=O)C1=CC(OC(CC)CC)C(NC(C)=O)C(N)C1,OSELTAMIVIR,1
CC1=CN=C(C=N1)C(=O)NCCC1=CC=C(C=C1)S(=O)(=O)NC(=O)NC1CCCCC1,glipizide,1
CCC1OC(=O)C(C)C(OC2CC(C)(OC)C(O)C(C)O2)C(C)C(OC2OC(C)CC(C2O)N(C)C)C(C)(O)CC(C)CN(C)C(C)C(O)C1(C)O,Azithromycin,1
CCOC(=O)C1=C(COCCN)NC(C)=C(C1C1=CC=CC=C1Cl)C(=O)OC,Amlodipine,1
CCC(=O)OC(OP(=O)(CCCCC1=CC=CC=C1)CC(=O)N1CC(CC1C([O-])=O)C1CCCCC1)C(C)C,fosinopril,1
CN1CCN(CC2=CC=C(NC(=O)C3=CC=C(C)C(=C3)C#CC3=CN=C4C=CC=NN34)C=C2C(F)(F)F)CC1,Ponatinib,1
BrC1=CC=C2NC(=O)CN=C(C3=CC=CC=N3)C2=C1,Bromazepam,1
CC(C)(C)NCC(O)COC1=NSN=C1N1CCOCC1,Timolol,1
CC(C)(C)C1=NC(=C(S1)C1=CC=NC(N)=N1)C1=CC=CC(NS(=O)(=O)C2=C(F)C=CC=C2F)=C1F,Dabrafenib,1
NC1=C2N=CN(C3OC(CO)C(O)C3O)C2=NC=N1,Adenosine,1
ClCCN(N=O)C(=O)NC1CCCCC1,lomustine,1
CN1CCCC1CC1=CNC2=CC=C(CCS(=O)(=O)C3=CC=CC=C3)C=C12,eletriptan,1
CCCC1CC(N(C)C1)C(=O)NC(C(C)Cl)C1OC(SC)C(O)C(O)C1O,Clindamycin,1
CN1C(C(=O)NC2=CC=CC=N2)=C(O)C2=C(C=CS2)S1(=O)=O,Tenoxicam,1
CNS(=O)(=O)CCC1=CC=C2NC=C(C3CCN(C)CC3)C2=C1,Naratriptan,1
CN(N=O)C(=O)NC1C(O)OC(CO)C(O)C1O,"1-Methyl-1-nitroso-3-[2,4,5-trihydroxy-6-(hydroxymethyl)oxan-3-yl]urea",1
COC1=CC=CC2=C1C(=O)C1=C(O)C3=C(CC(O)(CC3OC3CC([NH3+])C(O)C(C)O3)C(=O)CO)C(O)=C1C2=O,"3,5,12-Trihydroxy-3-(hydroxyacetyl)-10-methoxy-6,11-dioxo-1,2,3,4,6,11-hexahydrotetracen-1-yl 3-ammonio-2,3,6-trideoxyhexopyranoside",1
CN1CCC2=CC=CC3=C2C1CC1=CC=C(O)C(O)=C31,Apomorphine,1
CC(O)C1C2C(C)C(SC3CNC(CNS(N)(=O)=O)C3)=C(N2C1=O)C(O)=O,DORIPENEM,1
CC(C)C(=O)NC1=CC=C(C(=C1)C(F)(F)F)[N+]([O-])=O,Flutamide,1
N#CC1=CC=C(C=C1)C(N1C=NC=N1)C1=CC=C(C=C1)C#N,Letrozole,1
OC(CN1C=CN=C1)(P(O)(O)=O)P(O)(O)=O,zoledronic,1
NC1=CC=CC2=C1C(=O)N(C1CCC(=O)NC1=O)C2=O,Pomalidomide,1
CC(=O)C1CCC2C3CCC4=CC(=O)CCC4(C)C3CCC12C,progesterone,1
CCC(C)C(=O)OC1CC(C)C=C2C=CC(C)C(CCC3CC(O)CC(=O)O3)C12,Lovastatin,1
ClCCl,Methylene chloride,1
OCC(O)C(O)C(O)C(O)C(O)=O,SODIUM,1
CC(C)(C)NC(=O)C1CC2CCCCC2CN1CC(O)C(CC1=CC=CC=C1)NC(=O)C(CC(N)=O)NC(=O)C1=CC=C2C=CC=CC2=N1,saquinavir,1
[O-]C(=O)CC([S-])C([O-])=O,Tauredon,1
COC(=O)C1=C(C)NC(C)=C(C1C1=CC=CC(=C1)[N+]([O-])=O)C(=O)OC(C)(C)CN(C)CCC(C1=CC=CC=C1)C1=CC=CC=C1,LERCANIDIPINE,1
OC(CCC1C(N(C1=O)C1=CC=C(F)C=C1)C1=CC=C(O)C=C1)C1=CC=C(F)C=C1,Ezetimibe,1
CC(OC1OCCN(CC2=NN(C(=O)N2)P(O)(O)=O)C1C1=CC=C(F)C=C1)C1=CC(=CC(=C1)C(F)(F)F)C(F)(F)F,Fosaprepitant,1
OC1=CC=C2C(C(CCC2=C1)C1=CC=CC=C1)C1=CC=C(OCCN2CCCC2)C=C1,Lasofoxifene,1
CCN(CC)C(=O)C1(CC1C[NH3+])C1=CC=CC=C1,MILNACIPRAN,1
CCN1C(=O)C(=CC2=CN=C(NC)C=C12)C1=CC(NC(=O)NC2=CC=CC=C2)=C(F)C=C1Br,Ripretinib,0
COC1=CC(=CC(OC)=C1OC)C(=O)NCC1=CC=C(OCCN(C)C)C=C1,TRIMETHOBENZAMIDE,0
CCC(=O)N(C1=CC=CC=C1)C1(COC)CCN(CCC2=CC=CS2)CC1,sufentanil,0
COC1=NC=NC(NS(=O)(=O)C2=CC=C(N)C=C2)=C1OC,SULFADOXINE,0
CC1=CC(=CC(C)=C1OC1=NC(NC2=CC=C(C=C2)C#N)=NC(N)=C1Br)C#N,ETRAVIRINE,0
CCOC(=O)C1=C2CN(C)C(=O)C3=CC(F)=CC=C3N2C=N1,flumazenil,0
C[C@@H](O[C@H]1OCCN(CC2=NC(=O)N(N2)P(O)(O)=O)[C@H]1C1=CC=C(F)C=C1)C1=CC(=CC(=C1)C(F)(F)F)C(F)(F)F,Fosaprepitant,0
CCN1C=C(C(O)=O)C(=O)C2=CC(F)=C(C=C12)N1CCN(C)CC1,pefloxacin,0
OP(O)(=O)CN(CCN(CP(O)([O-])=O)CP(O)([O-])=O)CP(O)([O-])=O,Samarium (153Sm) lexidronam,0
CN(C)C1=CC=C(C=C1)[C@H]1C[C@@]2(C)[C@@H](CC[C@]2(O)C(C)=O)[C@@H]2CCC3=CC(=O)CCC3=C12,Ulipristal,0
CN(C)C(=O)C(CCN1CCC(O)(CC1)C1=CC=C(Cl)C=C1)(C1=CC=CC=C1)C1=CC=CC=C1,loperamide,0
CC[C@]1(O)C[C@@H]2CN(C1)CCC1=C(NC3=C1C=CC=C3)[C@@](C2)(C(=O)OC)C1=CC2=C(C=C1OC)N(C=O)[C@@H]1[C@]22CCN3CC=C[C@](CC)([C@@H]23)[C@@H](OC(C)=O)[C@]1(O)C(=O)OC,Vincristine,0
IC(I)I,IODOFORM,0
CC1=CC=C(\C=C2/C3CCC(C)(C2=O)C3(C)C)C=C1,Enzacamene,0
CO[C@H]1C[C@H]2OC[C@@]2(OC(C)=O)[C@H]2[C@H](OC(=O)C3=CC=CC=C3)[C@]3(O)C[C@H](OC(=O)[C@H](O)[C@@H](NC(=O)OC(C)(C)C)C4=CC=CC=C4)C(C)=C([C@@H](OC)C(=O)[C@]12C)C3(C)C,CABAZITAXEL,0
C[N+](C)([11CH3])CCO,Choline C-11,0
CC1=CN([C@@H]2C[C@@H](O)[C@H](CO)O2)C(=O)NC1=O,Telbivudine,0
CC(C)=CCC\C(C)=C\CO,GERANIOL,0
COC1=CC=C2C[C@@H]3C4=C(CC[N+]3(C)C)C=C(OC)C(OC)=C4OC3=CC=C(C[C@H]4C5=CC(OC1=C2)=C(OC)C=C5CC[N+]4(C)C)C=C3,METOCURINE,0
CC1=C(N(CC2=CC=C(OCCN3CCCCCC3)C=C2)C2=C1C=C(O)C=C2)C1=CC=C(O)C=C1,Bazedoxifene,0
CN1C(=O)CC(C1=O)C1=CC=CC=C1,Phensuximide,0
CC(CN(C(C)=O)C1=C(I)C=C(I)C(N)=C1I)C(O)=O,Iocetamic acid,0
CC(C)C[C@H](CN)CC(O)=O,Pregabalin,0
CC1=C(N(N=C1C(=O)NN1CCCCC1)C1=CC=C(Cl)C=C1Cl)C1=CC=C(Cl)C=C1,Rimonabant,0
CN(CC1=CC=C2NC(C)=NC(=O)C2=C1)C1=CC=C(S1)C(=O)N[C@@H](CCC(O)=O)C(O)=O,raltitrexed,0
CC(=O)OCC(=O)[C@@]12OC(C)(C)O[C@@H]1C[C@H]1[C@@H]3C[C@H](F)C4=CC(=O)C=C[C@]4(C)[C@@]3(F)[C@@H](O)C[C@]21C,FLUOCINONIDE,0
CC[C@H]1[C@@H]2C[C@H]3[C@@H]4N(C)C5=CC=CC=C5[C@]44C[C@@H](C2[C@H]4O)N3[C@@H]1O,ajmaline,0
C[N+]1(C)CCN(CC(O)(C2CCCCC2)C2=CC=CC=C2)CC1,Hexocyclium,0
CCOC1=CC=C(C[C@@H](CN(CCN(CC([O-])=O)CC([O-])=O)CC([O-])=O)N(CC(O)=O)CC(O)=O)C=C1,Gadoxetic acid,0
NCC[C@H](O)C(=O)N[C@@H]1C[C@H](N)[C@@H](O[C@H]2O[C@H](CN)[C@@H](O)[C@H](O)[C@H]2O)[C@H](O)[C@H]1O[C@H]1O[C@H](CO)[C@@H](O)[C@H](N)[C@H]1O,amikacin,0
CCCN1CCCC[C@H]1C(=O)NC1=C(C)C=CC=C1C,Ropivacaine,0
CC(C)CN(C[C@@H](OP(O)(O)=O)[C@H](CC1=CC=CC=C1)NC(=O)O[C@H]1CCOC1)S(=O)(=O)C1=CC=C(N)C=C1,Fosamprenavir,0
CNC(=O)C1=C(I)C(NC(C)=O)=C(I)C(C(O)=O)=C1I,Iothalamic Acid,0
CC1=CC(\C=C\C#N)=CC(C)=C1NC1=CC=NC(NC2=CC=C(C=C2)C#N)=N1,Rilpivirine,0
CCOC(=O)[C@H](CCC1=CC=CC=C1)N[C@@H](C)C(=O)N1CC2=CC(OC)=C(OC)C=C2C[C@H]1C(O)=O,MOEXIPRIL,0
CN1CCN(CC1)C(=O)O[C@@H]1N(C(=O)C2=NC=CN=C12)C1=CC=C(Cl)C=N1,Eszopiclone,0
O=C1NC2=CC=CC=C2N1CCCN1CCN(CC1)C(C1=CC=CC=C1)C1=CC=CC=C1,Oxatomide,0
CCCCCCCCCCCCCCCCCC(=O)OCC(COP([O-])(=O)OCC[N+](C)(C)C)OC(=O)CCCCCCCCCCCCCCCCC,"1,2-Distearoyllecithin",0
N[C@@H](CCC(O)=O)C(O)=O,Glutamic acid,0
OCCN(C(=O)CO)C1=C(I)C(C(=O)NCC(O)CO)=C(I)C(C(=O)NCC(O)CO)=C1I,IOVERSOL,0
CCOC(=O)C1=CC=C(O)C=C1,Ethyl hydroxybenzoate,0
CC1=CN2N=C(C=C(C)C2=N1)C1=CC(=O)N2C=C(C=CC2=N1)N1CCNC2(CC2)C1,Risdiplam,0
CCN(CC)CCCC(C)NC1=CC=NC2=C1C=CC(Cl)=C2,Chloroquine,0
CC[C@]1(O)C[C@@H]2CN(C1)CCC1=C(NC3=CC=CC=C13)[C@@](C2)(C(=O)OC)C1=CC2=C(C=C1OC)N(C)[C@@H]1[C@]22CCN3CC=C[C@](CC)([C@@H]23)[C@@H](O)[C@]1(O)C(N)=O,Vindesine,0
CC(=O)[C@H]1CC[C@H]2[C@@H]3CCC4=CC(=O)CC[C@]4(C)[C@H]3CC[C@]12C,progesterone,0
CN1CCC2=CC=CC3=C2[C@H]1CC1=CC=C(O)C(O)=C31,Apomorphine,0
CC1=CC=C(SC2=CC=CC=C2N2CCNCC2)C(C)=C1,Vortioxetine,0
CC1=NN(C(=O)\C1=N/NC1=CC=CC(C2=CC=CC(=C2)C(O)=O)=C1O)C1=CC=C(C)C(C)=C1,Eltrombopag,0
N[C@@H](CC(=O)N1CCN2C(C1)=NN=C2C(F)(F)F)CC1=CC(F)=C(F)C=C1F,Sitagliptin,0
CCCCCCOC(=O)CCC(=O)CN,Hexaminolevulinate,0
OC(C(O)=O)C1=CC=CC=C1,Mandelic acid,0
COC(=O)C1=CC=CC=C1O,methyl salicylate,0
OC[C@H]1O[C@@H](OC2=CC=C(O)C=C2)[C@H](O)[C@@H](O)[C@@H]1O,Arbutin,0
CC1=CC=CC(NC2=CC=CC=C2C(O)=O)=C1C,mefenamic acid,0
C[C@H](CCCC(C)(C)O)[C@H]1CC[C@H]2\C(CCC[C@]12C)=C\C=C1/C[C@@H](O)C[C@H](O)C1=C,calcitriol,0
CC(C)C[C@H](NC(=O)[C@H](CCC1=CC=CC=C1)NC(=O)CN1CCOCC1)C(=O)N[C@@H](CC1=CC=CC=C1)C(=O)N[C@@H](CC(C)C)C(=O)[C@@]1(C)CO1,Carfilzomib,0
CCOC1=CC(CC(=O)N[C@@H](CC(C)C)C2=CC=CC=C2N2CCCCC2)=CC=C1C(O)=O,Repaglinide,0
C[C@@H](C1=NC(=CS1)C1=CC=C(C=C1)C#N)[C@](O)(CN1C=NC=N1)C1=CC(F)=CC=C1F,Isavuconazole,0
CC(C)(O\N=C(/C(=O)N[C@H]1[C@H]2SCC(C[N+]3(CCNC(=O)C4=CC=C(O)C(O)=C4Cl)CCCC3)=C(N2C1=O)C([O-])=O)C1=CSC(N)=N1)C(O)=O,Cefiderocol,0
C\C(N(CC1=CN=C(C)N=C1N)C=O)=C(/CCOP(O)(O)=O)SC(=O)C1=CC=CC=C1,Benfotiamine,0
CC(C)COC1=CC=C(CNC(=O)N(CC2=CC=C(F)C=C2)C2CCN(C)CC2)C=C1,Pimavanserin,0
C[C@]12CC[C@H]3[C@@H](CCC4=CC(O)=CC=C34)[C@@H]1CCC2=O,estrone,0
COC1=CC(NS(=O)(=O)C2=CC=C(N)C=C2)=NC(OC)=N1,sulfadimethoxine,0
CN1CC[C@]23[C@H]4OC5=C(O)C=CC(C[C@@H]1[C@@H]2C=C[C@@H]4O)=C35,Morphine,0
OS(=O)CNC1=CC=C(C=C1)S(=O)(=O)C1=CC=C(NCS(O)=O)C=C1,sulfoxone,0
CC1(C)O[C@@H]2C[C@H]3[C@@H]4C[C@H](F)C5=CC(=O)C=C[C@]5(C)[C@H]4[C@@H](O)C[C@]3(C)[C@@]2(O1)C(=O)CO,Flunisolide,0
COC1=C(NC(=O)\C=C\CN2CCCCC2)C=C2C(NC3=CC=C(F)C(Cl)=C3)=NC=NC2=C1,DACOMITINIB,0
C#CCN[C@@H]1CCC2=CC=CC=C12,rasagiline,0
NC1=NC=NC2=C1N=CN2[C@@H]1O[C@H](COP(O)(O)=O)[C@@H](O)[C@H]1O,adenosine phosphate,0
CCOC(=O)C(C)(C)OC1=CC=C(Cl)C=C1,Clofibrate,0
C[C@H](CC1=CC=CC=C1)N(C)CC#C,Selegiline,0
C[C@H](CCC(O)=O)[C@H]1CC[C@H]2[C@@H]3[C@H](O)C[C@@H]4C[C@H](O)CC[C@]4(C)[C@H]3C[C@H](O)[C@]12C,cholic acid,0
CO[C@H]1C=CO[C@@]2(C)OC3=C(C)C(O)=C4C(O)=C(NC(=O)\C(C)=C/C=C\[C@H](C)[C@H](O)[C@@H](C)[C@@H](O)[C@@H](C)[C@H](OC(C)=O)[C@@H]1C)C(\C=N\N1CCN(CC1)C1CCCC1)=C(O)C4=C3C2=O,RIFAPENTINE,0
[O-][Cl]=O,Tetrachlorodecaoxide,0
NS(=O)(=O)C1=CC2=C(NC(CC3CCCC3)NS2(=O)=O)C=C1Cl,cyclopenthiazide,0
COC1=CC=C(CN(CCN(C)C)C2=NC=CC=N2)C=C1,Thonzylamine,0
C[C@H](C(O)=O)C1=CC=CC(=C1)C(=O)C1=CC=CC=C1,DEXKETOPROFEN,0
CON(C)CC1=CC=C(O)C2=C1C[C@H]1C[C@H]3[C@H](N(C)C)C(O)=C(C(N)=O)C(=O)[C@@]3(O)C(O)=C1C2=O,Sarecycline,0
CC1=CC(=O)C2=CC=CC=C2C1=O,menadione,0
CN1N=C(C(=O)N[C@@H]2C[C@@H]3CCC[C@H](C2)N3C)C2=C1C=CC=C2,granisetron,0
OC[C@@H](O)[C@H](O)[C@@H](O)C=O,xylose,0
NC1=NC(=O)N(C=C1)[C@@H]1CS[C@H](CO)O1,Lamivudine,0
C\C(\C=C\C=C(/C)\C=C\[C@H]1C(C)=C[C@H](O)CC1(C)C)=C/C=C/C=C(\C)/C=C/C=C(\C)/C=C/C1=C(C)C[C@@H](O)CC1(C)C,Lutein,0
CC1=CC=C(C=C1)S(=O)(=O)NC(=O)NN1CCCCCC1,tolazamide,0
C(C1=NCCN1)C1=CC=CC=C1,TOLAZOLINE,0
N[C@@H](CC1=CC(I)=C(OC2=CC(I)=C(O)C(I)=C2)C(I)=C1)C(O)=O,levothyroxine,0
NC(=O)C([C@@H]1CCN(CCC2=CC=C3OCCC3=C2)C1)(C1=CC=CC=C1)C1=CC=CC=C1,Darifenacin,0
O=C1N(C[C@H]2CCCC3=CC=CC1=C23)[C@@H]1CN2CCC1CC2,palonosetron,0
C[C@@H]1CC[C@H]2[C@@H](C)[C@H](OC(=O)CCC(O)=O)O[C@@H]3O[C@@]4(C)CC[C@@H]1[C@@]23OO4,artesunate,0
COC1=CC=C(C=C1)C1=CC(=S)SS1,Anethole trithione,0
C[C@@H](NCCCC1=CC=CC(=C1)C(F)(F)F)C1=C2C=CC=CC2=CC=C1,Cinacalcet,0
OC[C@H]1O[C@H](OC2=CC=C(O)C=C2)[C@H](O)[C@@H](O)[C@@H]1O,alpha-Arbutin,0
OC(=O)C1=CC=CC=C1NC1=CC=CC(=C1)C(F)(F)F,flufenamic acid,0
COC(=O)C1=CC=C2C(NC(=O)\C2=C(/NC2=CC=C(C=C2)N(C)C(=O)CN2CCN(C)CC2)C2=CC=CC=C2)=C1,Nintedanib,0
NC(=O)C1=CC=CN=C1,nicotinamide,0
C[C@H]1O[C@@H](O[C@@H]2C[C@@H]3O[C@@](O)(C[C@H](O)[C@H]3C(O)=O)C[C@@H](O)C[C@H]3O[C@@H]3\C=C\C(=O)O[C@H](C)C\C=C\C=C/C=C/C=C/2)[C@@H](O)[C@@H](N)[C@@H]1O,natamycin,0
OCCCC([O-])=O,Sodium oxybate,0
COC1=CC=C(C=C1)C1=C(OC2=CC=C(OCCN3CCCCC3)C=C2)C2=CC=C(O)C=C2S1,Arzoxifene,0
COC1=CC(=CC(OC)=C1OC)[C@H]1[C@@H]2[C@H](COC2=O)[C@@H](O)C2=CC3=C(OCO3)C=C12,Podofilox,0
CC(=O)OCC1=C(N2[C@H](SC1)[C@H](NC(=O)[C@H](N)C1=CC=CC=C1)C2=O)C(O)=O,CEPHALOGLYCIN,0
CCC1(C)CC(=O)NC1=O,Ethosuximide,0
CC(CN1CCCCC1)CC1=CC=C(C=C1)C(C)(C)C,Fenpropidin,0
CCCCC[C@H](O)\C=C\[C@H]1[C@H](O)CC(=O)[C@@H]1C\C=C/CCCC(O)=O,Dinoprostone,0
OC(=O)C1=CC=C2N=C(OC2=C1)C1=CC(Cl)=CC(Cl)=C1,Tafamidis,0
CC[C@H]1[C@@H](O)[C@H]2[C@@H]3CC[C@H]([C@H](C)CCC(O)=O)[C@@]3(C)CC[C@@H]2[C@@]2(C)CC[C@@H](O)C[C@@H]12,Obeticholic acid,0
CCC1(C(=O)NC(=O)N(C)C1=O)C1=CC=CC=C1,METHYLPHENOBARBITAL,0
CCOC(=O)[C@H](CCC1=CC=CC=C1)N[C@@H](C)C(=O)N1CC2(C[C@H]1C(O)=O)SCCS2,Spirapril,0
CC(C)[C@H]1CC[C@@H](CC1)C(=O)N[C@H](CC1=CC=CC=C1)C(O)=O,Nateglinide,0
CN1CC[C@]23[C@H]4OC5=C(O)C=CC(C[C@@H]1[C@]2(O)CCC4=O)=C35,oxymorphone,0
OCCN(CCO)CCO,Trolamine,0
CC1=CC(C)=C(NC(=O)CN(CC(O)=O)CC(O)=O)C(C)=C1Br,MEBROFENIN,0
CCN(CC)CCOCCOC(=O)C1(CCCC1)C1=CC=CC=C1,Pentoxyverine,0
CN1CCN(CC1)C1=NC2=CC=CC=C2SC2=CC=C(Cl)C=C12,Clothiapine,0
CC1=C(CCNCC2=CC=C(\C=C\C(=O)NO)C=C2)C2=C(N1)C=CC=C2,Panobinostat,0
C[C@H]1O[C@H](C[C@H](OC(C)=O)[C@@H]1O)O[C@H]1[C@@H](O)C[C@H](O[C@H]2[C@@H](O)C[C@H](O[C@H]3CC[C@@]4(C)[C@H](CC[C@@H]5[C@@H]4CC[C@]4(C)[C@H](CC[C@]54O)C4=CC(=O)OC4)C3)O[C@@H]2C)O[C@@H]1C,acetyldigitoxin,0
CN(C)[C@H]1[C@@H]2C[C@H]3C(=C(O)[C@]2(O)C(=O)C(C(=O)NCNCCCC[C@H](N)C(O)=O)=C1O)C(=O)C1=C(O)C=CC=C1[C@@]3(C)O,Lymecycline,0
CSCC[C@H](NC(=O)[C@H](CC1=CNC2=CC=CC=C12)NC(=O)CCNC(=O)OC(C)(C)C)C(=O)N[C@@H](CC(O)=O)C(=O)N[C@@H](CC1=CC=CC=C1)C(N)=O,Pentagastrin,0
N[C@@H](C(=O)N[C@H]1[C@H]2SCC(Cl)=C(N2C1=O)C(O)=O)C1=CC=CC=C1,Cefaclor,0
OC(=O)C1=CC=CC(=C1)C1=NOC(=N1)C1=CC=CC=C1F,Ataluren,0
COC(=O)[C@@H]([C@H]1CCCCN1)C1=CC=CC=C1,Dexmethylphenidate,0
C[C@H]1C[C@H]2[C@@H]3CC[C@](O)(C(C)=O)[C@@]3(C)C[C@H](O)[C@]2(F)[C@@]2(C)C=CC(=O)C=C12,fluorometholone,0
OC[C@H](O)[C@@H](O)[C@H](O)[C@H](O)CO,sorbitol,0
ClC1=CC=C([C@@H]2CS\C(S2)=C(\C#N)N2C=CN=C2)C(Cl)=C1,Luliconazole,0
NC1=CC=C(C=C1)S(N)(=O)=O,sulfanilamide,0
C[C@]12CC[C@H]3[C@@H](CCC4=CC(O)=CC=C34)[C@@H]1CC[C@@H]2OC(=O)CCC1CCCC1,estradiol cypionate,0
CC[C@@H]1[C@@H]2CN([C@@H]1C(=O)N[C@@]1(C[C@H]1C(F)F)C(=O)NS(=O)(=O)C1(C)CC1)C(=O)[C@@H](NC(=O)O[C@@H]1C[C@H]1CCCCC(F)(F)C1=C(O2)N=C2C=C(OC)C=CC2=N1)C(C)(C)C,Voxilaprevir,0
CN1CC[C@]23CCCC[C@H]2[C@H]1CC1=CC=C(O)C=C31,LEVORPHANOL,0
C[C@]12CC[C@H]3[C@@H](CCC4=CC(O)=CC=C34)[C@@H]1C[C@@H]([18F])[C@@H]2O,Fluoroestradiol F-18,0
CCCCC(=O)O[C@H]1CC[C@H]2[C@@H]3CCC4=CC(O)=CC=C4[C@H]3CC[C@]12C,estradiol valerate,0
CCOC(=O)[C@@H](N)CC1=CC=C(C=C1)C1=CC(O[C@H](C2=CC=C(Cl)C=C2N2C=CC(C)=N2)C(F)(F)F)=NC(N)=N1,Telotristat ethyl,0
CC=CC1=C(N2[C@H](SC1)[C@H](NC(=O)[C@H](N)C1=CC=C(O)C=C1)C2=O)C(O)=O,cefprozil,0
CCCCCCCC\C=C\CCCCCCCC(O)=O,oleic acid,0
OC\C=C1/O[C@@H]2CC(=O)N2[C@H]1C(O)=O,CLAVULANIC ACID,0
CC(C)N(CC[C@H](C1=CC=CC=C1)C1=CC(C)=CC=C1O)C(C)C,Tolterodine,0
CCCCC[C@H](O)CC[C@H]1[C@H](O)C[C@@H]2CC3=C(C[C@H]12)C=CC=C3OCC(O)=O,Treprostinil,0
CCCN1C[C@H](C[C@@H]2CC3=C(O)C=CC=C3C[C@@H]12)NS(=O)(=O)N(CC)CC,QUINAGOLIDE,0
CCCC(=O)O[C@@]1(CC[C@H]2[C@@H]3CCC4=CC(=O)CC[C@]4(C)[C@H]3[C@@H](O)C[C@]12C)C(=O)CO,hydrocortisone butyrate,0
COC1=CC2=C(C=C1OC)C(N)=NC(=N2)N1CCN(CC1)C(=O)C1=CC=CO1,Prazosin,0
CC1(C)S[C@@H](N[C@H]1C(O)=O)C(NC(=O)CC1=CC=CC=C1)C(=O)NCCCC[C@@H](N)C(O)=O,Benzylpenicilloyl Polylysine,0
C[N+](C)(C)CC([O-])=O,glycine betaine,0
CN(C)CCC1=CNC2=C1C=C(CS(=O)(=O)N1CCCC1)C=C2,Almotriptan,0
COC1=CC=CC=C1OCC(O)CO,Guaifenesin,0
CN(C)CCC[C@]1(OCC2=CC(=CC=C12)C#N)C1=CC=C(F)C=C1,Escitalopram,0
CS(=O)(=O)OC[C@@H](O)[C@@H](O)[C@H](O)[C@H](O)COS(C)(=O)=O,Mannitol busulfan,0
COC(=O)[C@@H]1CC2=CC(=O)CC[C@]2(C)[C@@]23O[C@@H]2C[C@@]2(C)[C@@H](CC[C@@]22CCC(=O)O2)[C@H]13,Eplerenone,0
CO[C@@H]1[C@@H](OC(N)=O)[C@@H](O)[C@H](OC2=CC=C3C(O)=C(NC(=O)C4=CC=C(O)C(CC=C(C)C)=C4)C(=O)OC3=C2C)OC1(C)C,Novobiocin,0
NC(=N)NCC1=CC=CC([123I])=C1,IOBENGUANE SULFATE I-123,0
C[C@@]12CCCCC[C@@H](CC3=CC=C(O)C=C13)[C@@H]2N,DEZOCINE,0
CO\N=C(/C(=O)N[C@H]1[C@H]2SCC(C[N+]3(C)CCCC3)=C(N2C1=O)C([O-])=O)C1=CSC(N)=N1,CEFEPIME,0
COC1=CC=C2C(=C1)C(=O)N(CCC1=CC=C(C=C1)S(=O)(=O)NC(=O)NC1CCCCC1)C(=O)C2(C)C,Gliquidone,0
CC1=CC(OCC2CNC(=O)O2)=CC(C)=C1,METAXALONE,0
CC[C@@H](CO)NCCN[C@@H](CC)CO,Ethambutol,0
NC1=CC=C(C=C1)S(=O)(=O)NC1=CC=NN1C1=CC=CC=C1,sulfaphenazole,0
C[C@H]1C[C@@]2(OC(C)=O)[C@H]([C@H]1OC(=O)C1=CC=CC=C1)[C@@H](OC(C)=O)C(=C)CC[C@H]1[C@@H](\C=C(C)\C2=O)C1(C)C,Diacetyl benzoyl lathyrol,0
CC(=O)N[C@@H](CC1=CC=C(O)C=C1)C(O)=O,N-Acetyltyrosine,0
CC(=O)NC1=C(I)C(C(O)=O)=C(I)C(NC(C)=O)=C1I,DIATRIZOATE,0
CCN(C)C(=O)OC1=CC=CC(=C1)[C@H](C)N(C)C,Rivastigmine,0
CCN1CCN(CC2=CC=C(NC3=NC=C(F)C(=N3)C3=CC(F)=C4N=C(C)N(C(C)C)C4=C3)N=C2)CC1,Abemaciclib,0
CO[C@@H]1C[C@@H](CC[C@H]1O)\C=C(/C)[C@H]1OC(=O)[C@@H]2CCCCN2C(=O)C(=O)[C@]2(O)O[C@@H]([C@H](C[C@H]2C)OC)[C@H](C[C@@H](C)C\C(C)=C\[C@@H](CC=C)C(=O)C[C@H](O)[C@H]1C)OC,Tacrolimus,0
C1CN2CCC1C(C2)N1C2=CC=CC=C2CCC2=CC=CC=C12,Quinupramine,0
CCN(CC1=CC=CC(=C1)S([O-])(=O)=O)C1=CC=C(C=C1)C(C1=CC=C(C=C1)S([O-])(=O)=O)=C1C=CC(C=C1)=[N+](CC)CC1=CC=CC(=C1)S([O-])(=O)=O,Light Green SF Yellowish,0
CN(C)CC(OC1=CC=CC=C1)OC1=CC=CC=C1,Medifoxamine,0
C[C@@H]1C[C@H]2[C@@H]3C[C@H](F)C4=CC(=O)C=C[C@]4(C)[C@@]3(F)[C@@H](O)C[C@]2(C)[C@@]1(O)C(=O)SCF,FLUTICASONE,0
CCC[C@H]1CN([C@@H](CC)C(N)=O)C(=O)C1,Brivaracetam,0
COC1=CC=C(C=C1)C(=O)CC(=O)C1=CC=C(C=C1)C(C)(C)C,Avobenzone,0
CC(=O)O[C@@]1(CC[C@H]2[C@@H]3C=C(C)C4=CC(=O)CC[C@@H]4[C@H]3CC[C@]12C)C(C)=O,Nomegestrol acetate,0
CCOCCOC(=O)\C=C\C1=CC=C(OC)C=C1,Cinoxate,0
CCC(=O)NC[C@@H]1C[C@H]1C1=CC=CC2=C1CCO2,Tasimelteon,0
NS(=O)(=O)C1=CC2=C(NC=NS2(=O)=O)C=C1Cl,Chlorothiazide,0
CC[C@]12CC(=C)[C@H]3[C@@H](CCC4=CC(=O)CC[C@H]34)[C@@H]1CC[C@@]2(O)C#C,ETONOGESTREL,0
CCN(CC)C(C)CN1C2=CC=CC=C2SC2=CC=CC=C12,Profenamine,0
COC1=NC(C)=NC(Cl)=C1NC1=NCCN1,Moxonidine,0
OC1=CC=C(C=C1)S([O-])(=O)=O,ZINC PHENOLSULFONATE,0
CC1=C([O-])C(=O)C=CO1,Ferric maltol,0
CCCCOC1=CC=C(OCCCN2CCOCC2)C=C1,Pramocaine,0
CCOC(=O)N1C=CN(C)C1=S,Carbimazole,0
CCCCOCC1=CC=C(O)C(OC)=C1,Vanillyl butyl ether,0
CCCCC(CC)CCC(CC(C)C)OS(O)(=O)=O,Tetradecyl hydrogen sulfate (ester),0
C\C=C(\C(=C\C)\C1=CC=C(O)C=C1)/C1=CC=C(O)C=C1,dienestrol,0
CCN1C2=C(N(C)C(\C=C\C3=CC=C(OC)C(OC)=C3)=N2)C(=O)N(CC)C1=O,Istradefylline,0
CC[C@]12CC(=C)[C@H]3[C@@H](CCC4=CCCC[C@H]34)[C@@H]1CC[C@@]2(O)C#C,Desogestrel,0
COC1=CC=CC2=C1C(=O)C1=C(O)C3=C(C[C@](O)(C[C@@H]3O[C@H]3C[C@H](N)[C@@H](O)[C@H](C)O3)C(=O)CO)C(O)=C1C2=O,Epirubicin,0
CC1=CN=C(C=N1)C(=O)N[C@H]1CCCCC\C=C/[C@@H]2C[C@]2(NC(=O)[C@@H]2C[C@H](CN2C1=O)OC1=NC2=CC=CC=C2C2=CC=CC=C12)C(=O)NS(=O)(=O)C1CC1,Paritaprevir,0
COC1=CC(CNC(=O)CCCC\C=C/C(C)C)=CC=C1O,Zucapsaicin,0
CCC(=O)O[C@@]1([C@@H](C)C[C@H]2[C@@H]3CCC4=CC(=O)C=C[C@]4(C)[C@@]3(F)[C@@H](O)C[C@]12C)C(=O)CCl,CLOBETASOL PROPIONATE,0
N[C@]1(C[C@H]([18F])C1)C(O)=O,Fluciclovine (18F),0
C[C@@H]1CCN(CCN1C(=O)C1=CC(C)=CC=C1N1N=CC=N1)C1=NC2=C(O1)C=CC(Cl)=C2,Suvorexant,0
CCCCCCCCCCC(=O)O[C@H]1CC[C@H]2[C@@H]3CCC4=CC(=O)CC[C@]4(C)[C@H]3CC[C@]12C,Testosterone undecanoate,0
NCC1=CC=C(C=C1)S(N)(=O)=O,Mafenide,0
[2H]C([2H])([2H])OC1=CC2=C(C=C1OC([2H])([2H])[2H])[C@@H]1CC(=O)[C@@H](CC(C)C)CN1CC2,Deutetrabenazine,0
CC(C)OC(=O)[C@H](C)N[P@](=O)(CO[C@H](C)CN1C=NC2=C(N)N=CN=C12)OC1=CC=CC=C1,Tenofovir alafenamide,0
CSCCNC1=C2N=CN([C@@H]3O[C@H](COP(O)(=O)OP(O)(=O)C(Cl)(Cl)P(O)(O)=O)[C@@H](O)[C@H]3O)C2=NC(SCCC(F)(F)F)=N1,Cangrelor,0
CCCCOC1=CC(=CC=C1N)C(=O)OCCN(CC)CC,Oxybuprocaine,0
CC(O)CN1C(C)=NC=C1N(=O)=O,Secnidazole,0
C[C@H](CCC(O)=O)[C@H]1CC[C@H]2[C@@H]3[C@@H](O)C[C@@H]4C[C@H](O)CC[C@]4(C)[C@H]3CC[C@]12C,ursodeoxycholic acid,0
CCOC(=O)C1(CCN(C)CC1)C1=CC=CC=C1,meperidine,0
COC1=CN=C(NS(=O)(=O)C2=CC=C(N)C=C2)N=C1,sulfameter,0
CN(C)CC[C@@H](C1=CC=C(Br)C=C1)C1=CC=CC=N1,Dexbrompheniramine,0
CC1=CN=C(NC2=CC=C(OCCN3CCCC3)C=C2)N=C1NC1=CC=CC(=C1)S(=O)(=O)NC(C)(C)C,Fedratinib,0
CN(C)CCC(C1=CC=C(Cl)C=C1)C1=CC=CC=N1,Chlorpheniramine,0
CC(=O)N[C@@H](C=O)[C@@H](O)[C@H](O)[C@H](O)CO,N-acetylglucosamine,0
CC(C)N1C(\C=C\[C@H](O)C[C@H](O)CC(O)=O)=C(C2=CC=CC=C12)C1=CC=C(F)C=C1,Fluvastatin,0
CC1(C)C2CCC1(C)C(=O)C2,Synthetic Camphor,0
N1C2=CC=CC=C2N=C1C1=CSC=N1,Thiabendazole,0
N[C@@H]1CCCCN(C1)C1=C(F)C=C2C(=O)C(=CN(C3CC3)C2=C1Cl)C(O)=O,Besifloxacin,0
NC(N)=NCC1=CC=CC(I)=C1,iobenguane,0
COC1=CC=C(CNC2=NC(=NC=C2C(=O)NCC2=NC=CC=N2)N2CCC[C@H]2CO)C=C1Cl,Avanafil,0
CC(=O)O[C@@H]1C2=C(C)[C@H](C[C@@](O)([C@@H](OC(=O)C3=CC=CC=C3)[C@@H]3[C@@]4(CO[C@@H]4C[C@H](O)[C@@]3(C)C1=O)OC(C)=O)C2(C)C)OC(=O)[C@H](O)[C@@H](NC(=O)C1=CC=CC=C1)C1=CC=CC=C1,Paclitaxel,0
CC1=C(N2[C@H](SC1)[C@H](NC(=O)[C@H](N)C1=CC=CC=C1)C2=O)C(O)=O,Cephalexin,0
CO[C@@H]1C[C@H](C[C@@H](C)[C@@H]2CC(=O)[C@H](C)\C=C(C)\[C@@H](O)[C@@H](OC)C(=O)[C@H](C)C[C@H](C)\C=C\C=C\C=C(C)\[C@H](C[C@@H]3CC[C@@H](C)[C@@](O)(O3)C(=O)C(=O)N3CCCC[C@H]3C(=O)O2)OC)CC[C@H]1OCCO,everolimus,0
C[C@]1(COC2=CC=C(C=C2)N2CCC(CC2)OC2=CC=C(OC(F)(F)F)C=C2)CN2C=C(N=C2O1)[N+]([O-])=O,Delamanid,0
CCCCC[C@H](O)\C=C\[C@H]1[C@H](O)C[C@@H]2O\C(C[C@H]12)=C/CCCC(O)=O,EPOPROSTENOL,0
NC1=CC=C(C=C1)S(=O)(=O)NC1=CC=CC=N1,sulfapyridine,0
CC1=C2C=CC=NC2=C(O)C(Br)=C1,Tilbroquinol,0
CC(C)(N)C(=O)N[C@H](CC1=CNC2=CC=CC=C12)C(=O)N[C@H](CC1=CNC2=CC=CC=C12)NC=O,Macimorelin,0
OC12CC3CC(C1)CC(C3)(C2)NCC(=O)N1CCC[C@H]1C#N,Vildagliptin,0
NCCC[C@H](N)CC(=O)NC[C@@H]1NC(=O)[C@H](CO)NC(=O)[C@@H](N)CNC(=O)[C@@H](NC(=O)\C(NC1=O)=C/NC(N)=O)[C@H]1CCN=C(N)N1,capreomycin,0
FC1=CC=C(C=C1)C(N1CCN(CC1)C1=NC(NCC=C)=NC(NCC=C)=N1)C1=CC=C(F)C=C1,ALMITRINE,0
OC(=O)[C@@H](S)[C@@H](S)C(O)=O,Succimer,0
CCOC(=O)O[C@@]1(CC[C@H]2[C@@H]3CCC4=CC(=O)C=C[C@]4(C)[C@H]3[C@@H](O)C[C@]12C)C(=O)OCCl,Loteprednol etabonate,0
N[C@@H]1CONC1=O,Cycloserine,0
CC(C)(C)NC(=O)[C@H]1CC[C@H]2[C@@H]3CC[C@H]4NC(=O)C=C[C@]4(C)[C@H]3CC[C@]12C,Finasteride,0
C[C@@H](O)[C@@H]1[C@H]2[C@@H](C)C(S[C@@H]3CN[C@H](CNS(N)(=O)=O)C3)=C(N2C1=O)C(O)=O,DORIPENEM,0
OC(=O)CCCC[C@@H]1SC[C@@H]2NC(=O)N[C@H]12,Biotin,0
BrCC(Br)(CCC#N)C#N,Bromothalonil,0
COC1=CC=C(C(=O)C2=CC=CC=C2)C(O)=C1,oxybenzone,0
CCC(COC(=O)C1=CC(OC)=C(OC)C(OC)=C1)(N(C)C)C1=CC=CC=C1,Trimebutine,0
O[C@@H]([C@H]1CC[C@@H](CC2=CC=C(NC(=O)[C@@H]3CCC4=NC=CC(=O)N34)C=C2)N1)C1=CC=CC=C1,VIBEGRON,0
CCOC(=O)[C@H](CCC1=CC=CC=C1)N[C@@H](C)C(=O)N1CCC[C@H]1C(O)=O,enalapril,0
COC1=C2C(=CN(COP(O)(O)=O)C2=C(N=C1)N1C=NC(C)=N1)C(=O)C(=O)N1CCN(CC1)C(=O)C1=CC=CC=C1,Fostemsavir,0
C[N+](C)(C)CCOC(=O)CCC(=O)OCC[N+](C)(C)C,Succinylcholine,0
CCN(CC)CCOC(=O)C1=CC=C(N)C=C1,procaine,0
CC(=O)OCC(=O)[C@@]12N=C(C)O[C@@H]1C[C@H]1[C@@H]3CCC4=CC(=O)C=C[C@]4(C)[C@H]3[C@@H](O)C[C@]21C,Deflazacort,0
OC(C(=O)O[C@H]1C[N+]2(CCCOC3=CC=CC=C3)CCC1CC2)(C1=CC=CS1)C1=CC=CS1,ACLIDINIUM,0
OC1=CC=C2C[C@H]3N(CC=C)CC[C@@]45[C@@H](OC1=C24)C(=O)CC[C@@]35O,Naloxone,0
CC1=CC(N)=C2C=CC=CC2=[N+]1CCCCCCCCCC[N+]1=C2C=CC=CC2=C(N)C=C1C,dequalinium,0
CC(N\C(NC#N)=N\C1=CC=NC=C1)C(C)(C)C,Pinacidil,0
OC1=CC(Cl)=CC=C1OC1=CC=C(Cl)C=C1Cl,triclosan,0
CC(C)(C)C(=O)OCOP(=O)(COCCN1C=NC2=C(N)N=CN=C12)OCOC(=O)C(C)(C)C,ADEFOVIR DIPIVOXIL,0
OS(=O)(=O)C1=CC=C2N\C(C(=O)C2=C1)=C1\NC2=CC=C(C=C2C1=O)S(O)(=O)=O,INDIGOTINDISULFONIC ACID,0
NS(=O)(=O)C1=CC(Cl)=C(Cl)C(=C1)S(N)(=O)=O,Diclofenamide,0
C[C@H]1[C@H]2CC3=CC=C(O)C=C3[C@]1(C)CCN2CC=C(C)C,Pentazocine,0
CN1[C@H]2CC[C@@H]1C[C@@H](C2)OC(=O)[C@H](CO)C1=CC=CC=C1,hyoscyamine,0
CC(C)C(=O)OC(C)OC(=O)NCC1(CC(O)=O)CCCCC1,GABAPENTIN ENACARBIL,0
CCO[C@H]1O[C@@H]2O[C@@]3(C)CC[C@H]4[C@H](C)CC[C@@H]([C@H]1C)[C@@]24OO3,Artemotil,0
OC1=CC=C2[C@H]([C@H](CCC2=C1)C1=CC=CC=C1)C1=CC=C(OCCN2CCCC2)C=C1,Lasofoxifene,0
CCCCN(CCCC)CCCOC1=CC=C(C=C1)C(=O)C1=C(CCCC)OC2=C1C=C(NS(C)(=O)=O)C=C2,dronedarone,0
CC1=CN(C(=O)C=C1)C1=CC=CC=C1,PIRFENIDONE,0
OC1=CC=C2C[C@@H]3[C@@H]4CCCC[C@]4(CCN3CC=C)C2=C1,Levallorphan,0
O[C@H]1[C@@H](O)[C@@H](OP(O)(=O)OP(O)(O)=O)O[C@@H]1COP(O)(O)=O,5-O-phosphono-alpha-D-ribofuranosyl diphosphate,0
NC(=O)C1=CN(C=CC1)[C@@H]1O[C@H](CO[P@](O)(=O)O[P@](O)(=O)OC[C@H]2O[C@H]([C@H](O)[C@@H]2O)N2C=NC3=C(N)N=CN=C23)[C@@H](O)[C@H]1O,NADH,0
N[C@H]1[C@@H](CC[C@@H](OC(=O)N2CCC(CC2)N2C(=O)NC3=NC=CC=C23)C2=NC=CC=C12)C1=CC=CC(F)=C1F,RIMEGEPANT,0
NC1=NC(CC(=O)NC2=CC=C(CCNC[C@H](O)C3=CC=CC=C3)C=C2)=CS1,Mirabegron,0
NC1=CC=C(C(=O)OC2=CC=CC=C2)C(O)=C1,PHENYL AMINOSALICYLATE,0
CC1O[C@@]2(CS1)CN1CCC2CC1,Cevimeline,0
N[C@@H](CC1=CC(O)=C(O)C=C1[18F])C(O)=O,Fluorodopa (18F),0
ClC1=CC=C2OC(=O)NC2=C1,Chlorzoxazone,0
C[C@H]1CNCCC2=CC=C(Cl)C=C12,Lorcaserin,0
CCCCCCCCCCCCCCCCO,cetyl alcohol,0
OCCN1C[C@H](O)[C@@H](O)[C@H](O)[C@H]1CO,MIGLITOL,0
CC(O)CO,propylene glycol,0
CC(C)[C@H](N1CCCNC1=O)C(=O)N[C@H](C[C@H](O)[C@H](CC1=CC=CC=C1)NC(=O)COC1=C(C)C=CC=C1C)CC1=CC=CC=C1,Lopinavir,0
CCCCCCCCCCCCCCCC(O)=O,palmitic acid,0
C[C@H]1O[C@H](C[C@H](O)[C@@H]1O[C@H]1C[C@H](O)[C@H](O[C@H]2C[C@H](O)[C@H](O[C@@H]3O[C@H](CO)[C@@H](O)[C@H](O)[C@H]3O)[C@@H](C)O2)[C@@H](C)O1)O[C@H]1CC[C@@]2(C)[C@H](CC[C@@H]3[C@@H]2C[C@@H](O)[C@]2(C)[C@H](CC[C@]32O)C2=CC(=O)OC2)C1,deslanoside,0
CCC(=O)OCC(=O)[C@@]1(OC(=O)CC)[C@@H](C)C[C@H]2[C@@H]3CCC4=CC(=O)C=C[C@]4(C)[C@@]3(Cl)[C@@H](O)C[C@]12C,BECLOMETHASONE DIPROPIONATE,0
NC1=C2N=CN([C@@H]3O[C@H](CO)[C@@H](O)[C@H]3O)C2=NC=N1,Adenosine,0
CCCCCC1=CC=C(C)C=C1O,Amylmetacresol,0
CN(CC1=CC=C(C=C1)C(C)(C)C)CC1=C2C=CC=CC2=CC=C1,butenafine,0
OCCN1CCN(CCCN2C3=CC=CC=C3SC3=CC=C(C=C23)C(F)(F)F)CC1,Fluphenazine,0
C[C@]12CC[C@H]3[C@@H](CCC4=CC(O)=CC=C34)[C@@H]1CC[C@@H]2O,Estradiol,0
C1N2CN3CN1CN(C2)C3,methenamine,0
C[C@]12CC[C@H]3[C@@H](CCC4=CC(OS(O)(=O)=O)=CC=C34)[C@@H]1CCC2=O,Estrone sulfate,0
CC1=C(CCO[P@](O)(=O)O[P@](O)([O-])=O)SC=[N+]1CC1=CN=C(C)N=C1N,cocarboxylase,0
FC(F)(F)C1=CC=C(C=C1)C(=O)NN1C(=O)[C@H]2[C@H]([C@H]3C=C[C@@H]2[C@@H]2C[C@H]32)C1=O,Tecovirimat,0
NC1=CC2=NC3=CC(N)=CC=C3C=C2C=C1,Proflavine,0
COC1=CC=C(\C=C\C)C=C1,anethole,0
CN[C@@H]1[C@H](O)[C@H](NC)[C@H]2O[C@]3(O)[C@@H](O[C@H](C)CC3=O)O[C@@H]2[C@H]1O,Spectinomycin,0
COC1=CC(CC=C)=CC=C1O,eugenol,0
C[C@@H]1C[C@H]2[C@@H]3C[C@H](F)C4=CC(=O)C=C[C@]4(C)[C@@]3(Cl)[C@@H](O)C[C@]2(C)[C@H]1C(=O)CO,Clocortolone,0
OC1=C(Cl)C=C(Cl)C2=C1N=CC=C2,chloroxine,0
CC(=O)OC1=CC=CC(O)=C1,Resorcinol Monoacetate,0
NC(=N)C1=CC=C(\C=C\C2=CC=C(C=C2O)C(N)=N)C=C1,Hydroxystilbamidine,0
OC[C@H](O)[C@@H](O)[C@H](O)[C@H](O)CO[C@H]1O[C@H](CO[C@H]2O[C@H](CO)[C@@H](O)[C@H](O)[C@H]2O)[C@@H](O)[C@H](O)[C@H]1O,Ferric derisomaltose,0
CC(C)C[C@@H]1N2C(=O)[C@](NC(=O)[C@@H]3C[C@H]4[C@@H](CC5=CNC6=CC=CC4=C56)N(C)C3)(O[C@@]2(O)[C@@H]2CCCN2C1=O)C(C)C,Dihydro-alpha-ergocryptine,0
CNC[C@H](O)[C@@H](O)[C@H](O)[C@H](O)CO,meglumine,0
NC1=NCC2N1C1=CC=CC=C1CC1=CC=CC=C21,Epinastine,0
C[C@@H]1C[C@H]2[C@@H]3[C@H](Cl)CC4=CC(=O)C=C[C@]4(C)[C@H]3[C@@H](O)C[C@]2(C)[C@@]1(O)C(=O)CO,alclometasone,0
CCCCC[C@H](O)\C=C\[C@H]1[C@H](O)CC(=O)[C@@H]1CCCCCCC(O)=O,Alprostadil,0
C[C@]12CC[C@H]3[C@@H](CCC4=CC(OC5CCCC5)=CC=C34)[C@@H]1CC[C@@]2(O)C#C,Quinestrol,0
CC(=O)N(C1=C(C)C(C)=NO1)S(=O)(=O)C1=CC=C(N)C=C1,acetyl sulfisoxazole,0
N[C@H](CC1=CC(I)=C(OC2=CC(I)=C(O)C(I)=C2)C(I)=C1)C(O)=O,Dextrothyroxine,0
CNC(C)CCC=C(C)C,Isometheptene,0
C[C@@H](O)[C@H](N)C(O)=O,threonine,0
C[C@H](CSC(=O)C1=CC=CC=C1)C(=O)N1C[C@H](C[C@H]1C(O)=O)SC1=CC=CC=C1,Zofenopril,0
C[C@@H](N1CCC(=C)CC1)[C@](O)(CN1C=NC=N1)C1=CC=C(F)C=C1F,Efinaconazole,0
CCOC(=O)C1=CN=CN1[C@H](C)C1=CC=CC=C1,Etomidate,0
CCN1C(=O)N(CC2=CN=C3NC(CN4CCOCC4)=CC3=C12)C1=C(F)C(OC)=CC(OC)=C1F,Pemigatinib,0
CN(C)CCOC1=CC=C(C=C1)C(=C(\CCCl)C1=CC=CC=C1)\C1=CC=CC=C1,Toremifene,0
NC1=NC(=O)C2=C(NC[C@H](CNC3=CC=C(C=C3)C(=O)N[C@@H](CCC(O)=O)C(O)=O)N2C=O)N1,Levoleucovorin,0
C[C@@H]1C[C@H]2[C@@H]3CCC4=CC(=O)C=C[C@]4(C)[C@@]3(F)[C@@H](O)C[C@]2(C)[C@H]1C(=O)CO,desoximetasone,0
NC(=O)NC1NC(=O)NC1=O,allantoin,0
CCCCCCCCCCCC(=O)OCN1C(=O)CCC2=CC=C(OCCCCN3CCN(CC3)C3=CC=CC(Cl)=C3Cl)C=C12,Aripiprazole lauroxil,0
CC1=CC(NS(=O)(=O)C2=CC=C(N)C=C2)=NO1,sulfamethoxazole,0
CCCCCCCCCCCCCCCC[N+]1=CC=CC=C1,Cetylpyridinium,0
CCC1(C(=O)NCNC1=O)C1=CC=CC=C1,Primidone,0
OCC(Br)(CO)[N+]([O-])=O,bronopol,0
OC[C@H]1O[C@H]([C@H](O)[C@@H](O)[C@@H]1O)C1=CC=C(Cl)C(CC2=CC=C(O[C@H]3CCOC3)C=C2)=C1,Empagliflozin,0
CN(C)C1=CC=C2C(C=CC(\C=C\C3=C(C)N(C(C)=C3)C3=CC=CC=C3)=[N+]2C)=C1,PYRVINIUM,0
CN1[C@H]2CC[C@@H]1C[C@@H](C2)OC(=O)C(CO)C1=CC=CC=C1,Atropine,0
CC(C)[N+](C)(CCC(C(N)=O)(C1=CC=CC=C1)C1=CC=CC=C1)C(C)C,Isopropamide,0
OP(O)(=O)OP(O)(O)=O,Pyrophosphoric Acid,0
CC(=O)OC1=CC=CC=C1C(=O)NC1=NC=C(S1)[N+]([O-])=O,NITAZOXANIDE,0
CCN1C=CC(NS(=O)(=O)C2=CC=C(N)C=C2)=NC1=O,Sulfacytine,0
C[C@]1(O)CC[C@H]2[C@@H]3CC[C@H]4CC5=NNC=C5C[C@]4(C)[C@H]3CC[C@]12C,stanozolol,0
CCCN(CC)C(CC)C(=O)NC1=C(C)C=CC=C1C,Etidocaine,0
CC(OC1=C(Cl)C=CC=C1Cl)C1=NCCN1,Lofexidine,0
NCC([O-])=O,Ferrous glycine sulfate,0
NC[C@@H]1CC[C@@H](N)[C@@H](O[C@@H]2[C@@H](N)C[C@@H](N)[C@H](O[C@H]3O[C@H](CO)[C@@H](O)[C@H](N)[C@H]3O)[C@H]2O)O1,dibekacin,0
CCNC(=O)N(CCCN(C)C)C(=O)[C@@H]1C[C@H]2[C@@H](CC3=CNC4=CC=CC2=C34)N(CC=C)C1,CABERGOLINE,0
FCOC(C(F)(F)F)C(F)(F)F,sevoflurane,0
OCC(O)COC1=CC=C(Cl)C=C1,Chlorphenesin,0
[O-]P([O-])(=O)CP([O-])([O-])=O,Technetium Tc-99m medronate,0
CNC(C)(C)CC1=CC=CC=C1,mephentermine,0
COC1=CC=CC(=C1)[C@@]1(O)CCCC[C@@H]1CN(C)C,tramadol,0
OC[C@@H](O)[C@@H](O)[C@H](O)[C@@H](O)C=O,D-glucose,0
CC(=O)O[C@H]1CC2=CC=CC=C2N(C(N)=O)C2=CC=CC=C12,eslicarbazepine acetate,0
CCOC(=O)C1=C(COCCN)NC(C)=C([C@@H]1C1=CC=CC=C1Cl)C(=O)OC,Levamlodipine,0
CCC1(C(=O)NC(=O)NC1=O)C1=CC=CC=C1,Phenobarbital,0
CN1C(N)=C(NC(=O)NCCN)C=[N+]1CC1=C(N2[C@H](SC1)[C@H](NC(=O)C(=N/OC(C)(C)C(O)=O)\C1=NSC(N)=N1)C2=O)C([O-])=O,Ceftolozane,0
CCCCC(CC)COC(=O)C(C#N)=C(C1=CC=CC=C1)C1=CC=C(OC)C=C1,Ethylhexyl methoxycrylene,0
CN1C2=C(NC=N2)C(=O)N(C)C1=O,aminophylline,0
C[C@@H]1C[C@H]2[C@@H]3C[C@H](F)C4=CC(=O)C=C[C@]4(C)[C@H]3[C@@H](O)C[C@]2(C)[C@@]1(O)C(=O)COC(C)=O,PARAMETHASONE ACETATE,0
O=C(OCC1=CC=CC=C1)C1=CC=CC=C1,Benzyl benzoate,0
NC1=CC=C(C=C1)C(=O)NCC(O)=O,aminohippuric acid,0
CCC(=O)O[C@@]1(CC[C@H]2[C@@H]3CCC4=CC(=O)CC[C@]4(C)[C@H]3CC[C@]12C)C(=O)CO,Clascoterone,0
OC[C@@H](O)[C@@H](O)[C@H](O)[C@@H](O)C(O)=O,Gluconic acid,0
C[C@H]1CCC[C@@]2(C)O[C@H]2C[C@H](NC(=O)C[C@H](O)C(C)(C)C(=O)[C@H](C)[C@H]1O)C(\C)=C\C1=CSC(C)=N1,Ixabepilone,0
CC1=C(O)C=CC=C1C(=O)N[C@@H](CSC1=CC=CC=C1)[C@H](O)CN1C[C@H]2CCCC[C@H]2C[C@H]1C(=O)NC(C)(C)C,nelfinavir,0
CC1=NN=C(SCC2=C(N3[C@H](SC2)[C@H](NC(=O)CN2C=NN=N2)C3=O)C(O)=O)S1,Cefazolin,0
CN(C)CCN(CC1=CC=CC=C1)C1=CC=CC=N1,Tripelennamine,0
C[C@H]1C[C@H]2[C@@H]3CCC4=CC(=O)C=C[C@]4(C)[C@@]3(F)[C@@H](O)C[C@]2(C)[C@@]1(O)C(=O)COP(O)(O)=O,Betamethasone phosphate,0
CSCC[C@@H](N)C(O)=O,D-Methionine,0
CC1=C(Cl)C(C)=[N+]([O-])C(Cl)=C1C1=NOC(=N1)C1=CC(O)=C(O)C(=C1)[N+]([O-])=O,Opicapone,0
CC(C)C1=NC(CN(C)C(=O)N[C@@H](CCN2CCOCC2)C(=O)N[C@H](CC[C@H](CC2=CC=CC=C2)NC(=O)OCC2=CN=CS2)CC2=CC=CC=C2)=CS1,cobicistat,0
OCC(CO)OP([O-])([O-])=O,Calcium Glycerophosphate,0
C[C@](N)(CC1=CC=C(O)C=C1)C(O)=O,Metyrosine,0
CCC#CC(C)C1(CC=C)C(=O)NC(=O)N(C)C1=O,Methohexital,0
OS(=O)(=O)ON1[C@H]2CN([C@@H](CC2)C(=O)NC2CCNCC2)C1=O,Relebactam,0
C[N+](C)(CCCCCC[N+](C)(C)C1C2=CC=CC=C2C2=CC=CC=C12)C1C2=CC=CC=C2C2=CC=CC=C12,Hexafluronium,0
CC(C)CCC[C@@H](C)CCC[C@@H](C)CCC[C@]1(C)CCC2=C(C)C(O)=C(C)C(C)=C2O1,Vitamin E,0
CC1=CC=NC(NS(=O)(=O)C2=CC=C(N)C=C2)=N1,sulfamerazine,0
CNC[C@@H]1CC[C@@H](N)[C@@H](O[C@@H]2[C@@H](N)C[C@@H](N)[C@H](O[C@H]3OC[C@](C)(O)[C@H](NC)[C@H]3O)[C@H]2O)O1,Micronomicin,0
C[N+]1(C)CCC(C1)OC(=O)C(O)(C1CCCC1)C1=CC=CC=C1,Glycopyrronium,0
C\C=C1/[C@@H]2CC3=C(C=CC(=O)N3)[C@@]1(N)CC(C)=C2,Huperzine A,0
C[C@]12C[C@H](O)[C@H]3[C@@H](CCC4=CC(=O)C=C[C@]34C)[C@@H]1CC[C@]2(O)C(=O)CO,Prednisolone,0
COC([C@H](OC1=NC(C)=CC(C)=N1)C(O)=O)(C1=CC=CC=C1)C1=CC=CC=C1,AMBRISENTAN,0
C[C@]12CC[C@H]3[C@@H](CC=C4C[C@@H](O)CC[C@]34C)[C@@H]1CC=C2C1=CC=CN=C1,Abiraterone,0
CC(C)CCCC(C)CCCC(C)CCCC1(C)CCC2=C(C)C(O)=C(C)C(C)=C2O1,DL-ALPHA-TOCOPHEROL,0
CNNCC1=CC=C(C=C1)C(=O)NC(C)C,procarbazine,0
C[C@@H]1O[C@H](C[C@H](N)[C@@H]1O)O[C@H]1C[C@@](O)(CC2=C(O)C3=C(C(O)=C12)C(=O)C1=CC=CC=C1C3=O)C(C)=O,Idarubicin,0
NC1=NC(=O)N(C=C1)[C@H]1CC[C@@H](CO)O1,zalcitabine,0
C(NC1=C2NC=NC2=NC=N1)C1=CC=CO1,Kinetin,0
CN1CCC(CN2C3=CC=CC=C3SC3=CC=CC=C23)C1,Methdilazine,0
CC#CCN1C(=NC2=C1C(=O)N(CC1=NC(C)=C3C=CC=CC3=N1)C(=O)N2C)N1CCC[C@@H](N)C1,Linagliptin,0
CC1CC[C@@]23CCC(=O)[C@H]2[C@]1(C)[C@@H](C[C@@](C)(C=C)[C@@H](O)[C@@H]3C)OC(=O)CS[C@@H]1CC[C@@H](N)C[C@H]1O,Lefamulin,0
CC(C)COC1=CC=C(C=C1C#N)C1=NC(C)=C(S1)C(O)=O,FEBUXOSTAT,0
CCOCCP(CCOCC)CCP(CCOCC)CCOCC,Tetrofosmin,0
CC1=CC=C(NC(=O)C2(CC2)C2=CC=C3OC(F)(F)OC3=C2)N=C1C1=CC=CC(=C1)C(O)=O,Lumacaftor,0
CC(C)CCC[C@@H](C)[C@H]1CC[C@H]2\C(CCC[C@]12C)=C\C=C1\C[C@@H](O)C[C@H](O)C1=C,alfacalcidol,0
C[C@]12C[C@H](O)[C@H]3[C@@H](CCC4=CC(=O)C=C[C@]34C)[C@@H]1CC[C@]2(O)C(=O)COP(O)(O)=O,Prednisolone phosphate,0
C[C@H](O)C(=O)NC1=C(I)C(C(=O)NC(CO)CO)=C(I)C(C(=O)NC(CO)CO)=C1I,Iopamidol,0
CC(C)N(CC[C@H](C1=CC=CC=C1)C1=CC(CO)=CC=C1OC(=O)C(C)C)C(C)C,fesoterodine,0
CCOC(=O)C1=CC=C(N)C=C1,Benzocaine,0
COC(=O)[C@H]1[C@@H](O)CC[C@H]2CN3CCC4=C(NC5=C4C=CC=C5)[C@@H]3C[C@H]12,Yohimbine,0
CC1(C)[C@@H]2CC[C@@]1(C)C(=O)C2,camphor,0
COC1=CC2=C(C=C1OC)[C@H]1C[C@@H](OC(=O)[C@@H](N)C(C)C)[C@H](CC(C)C)CN1CC2,Valbenazine,0
CC(C)OC(=O)OCOP(=O)(CO[C@H](C)CN1C=NC2=C(N)N=CN=C12)OCOC(=O)OC(C)C,Tenofovir disoproxil,0
NC(=O)C1(CCN(CCC(C#N)(C2=CC=CC=C2)C2=CC=CC=C2)CC1)N1CCCCC1,PIRITRAMIDE,0
CC1=C(SC(NC(=O)N2CCC[C@H]2C(N)=O)=N1)C1=CC=NC(=C1)C(C)(C)C(F)(F)F,Alpelisib,0
CC(C)[C@@]1(NC(=O)[C@@H]2C[C@H]3[C@@H](CC4=CNC5=CC=CC3=C45)N(C)C2)O[C@@]2(O)[C@@H]3CCCN3C(=O)[C@H](CC3=CC=CC=C3)N2C1=O,Dihydroergocristine,0
CN(CC(O)CO)C(=O)C1=C(I)C(C(=O)N(C)CC(O)CO)=C(I)C(NC(=O)C(CO)CO)=C1I,Iobitridol,0
C[C@H](CCC(=O)NCCS(O)(=O)=O)[C@H]1CC[C@H]2[C@@H]3[C@H](O)C[C@@H]4C[C@H](O)CC[C@]4(C)[C@H]3C[C@H](O)[C@]12C,Taurocholic acid,0
CCCCC(C)(O)C\C=C\[C@H]1[C@H](O)CC(=O)[C@@H]1CCCCCCC(=O)OC,Misoprostol,0
COC1=CC=C2C[C@H]3[C@H]4CCCC[C@@]4(CCN3C)C2=C1,Dextromethorphan,0
CCCCCC(=O)O[C@@]1(CC[C@H]2[C@@H]3CCC4=CC(=O)CC[C@@H]4[C@H]3CC[C@]12C)C(C)=O,Gestonorone Caproate,0
NCCCC[C@H](N)C(O)=O,L-lysine,0
CCN(CC)C1=CC=C(C=C1)C(C1=CC=CC=C1)=C1C=CC(C=C1)=[N+](CC)CC,Brilliant Green cation,0
N[C@@H](COC(N)=O)CC1=CC=CC=C1,Solriamfetol,0
COC1=C2N=CN([C@@H]3O[C@H](CO)[C@@H](O)[C@@H]3O)C2=NC(N)=N1,Nelarabine,0
C[N+]1(C)[C@H]2C[C@@H](C[C@@H]1[C@H]1O[C@@H]21)OC(=O)[C@H](CO)C1=CC=CC=C1,methscopolamine,0
CC1=C(C=C(C#N)C(=O)N1)C1=CC=NC=C1,Milrinone,0
NCCN,ethylenediamine,0
CN1CCC(CC1)=C1C2=CC=CC=C2CCC2=CC=CN=C12,Azatadine,0
CC(C)(C)NC[C@H](O)COC1=CC=CC2=C1CCCC2=O,Levobunolol,0
CCOC(=O)CCCCCCCCC(C)C1=CC=CC=C1I,Iophendylate,0
CN(C)(=O)CCC=C1C2=CC=CC=C2CCC2=CC=CC=C12,Amitriptylinoxide,0
COC1=C(O)C(C)=C(C\C=C(/C)CC\C=C(/C)CC\C=C(/C)CC\C=C(/C)CC\C=C(/C)CC\C=C(/C)CC\C=C(/C)CC\C=C(/C)CC\C=C(/C)CCC=C(C)C)C(O)=C1OC,Ubiquinol,0
CCC(CC)[C@H](NC(C)=O)[C@@H]1[C@H](O)[C@H](C[C@H]1NC(N)=N)C(O)=O,Peramivir,0
OS(=O)(=O)C1=CC=C2N=C(NC2=C1)C1=CC=CC=C1,Ensulizole,0
CCN(CC)C(=S)SSC(=S)N(CC)CC,disulfiram,0
S(SC1=NC2=C(S1)C=CC=C2)C1=NC2=C(S1)C=CC=C2,"2,2'-DIBENZOTHIAZYL DISULFIDE",0
O[C@@H]1CO[C@@H](O[C@@H]2CO[C@@H](O)[C@H](OS(O)(=O)=O)[C@H]2OS(O)(=O)=O)[C@H](OS(O)(=O)=O)[C@H]1OS(O)(=O)=O,pentosan polysulfate,0
[O-]C(=O)CC([O-])(CC([O-])=O)C([O-])=O,Tetraferric tricitrate decahydrate,0
CO[C@@H]1C[C@H](C[C@@H](C)[C@@H]2CC(=O)[C@H](C)\C=C(C)\[C@@H](O)[C@@H](OC)C(=O)[C@H](C)C[C@H](C)\C=C\C=C\C=C(C)\[C@H](C[C@@H]3CC[C@@H](C)[C@@](O)(O3)C(=O)C(=O)N3CCCC[C@H]3C(=O)O2)OC)CC[C@H]1O,Sirolimus,0
COC1=CC=C2C=C3C4=CC5=C(OCO5)C=C4CC[N+]3=CC2=C1OC,Berberine,0
CCC1=C[C@@H]2CN(C1)CC1=C(NC3=C1C=CC=C3)[C@@](C2)(C(=O)OC)C1=CC2=C(C=C1OC)N(C)[C@@H]1[C@]22CCN3CC=C[C@](CC)([C@@H]23)[C@@H](OC(C)=O)[C@]1(O)C(=O)OC,vinorelbine,0
CC1=C(OCC(F)(F)F)C=CN=C1C[S@@](=O)C1=NC2=CC=CC=C2N1,dexlansoprazole,0
CN1CCC(CC1)=C1C2=C(SC=C2)C(=O)CC2=CC=CC=C12,ketotifen,0
CCOC1=CC=CC=C1O[C@@H]([C@H]1CNCCO1)C1=CC=CC=C1,Reboxetine,0
CC1=NS(=O)(=O)C2=CC(Cl)=CC=C2N1,diazoxide,0
COC1=C(OC)C(=O)C(CCCCCCCCCCCCO)=C(C)C1=O,idebenone,0
CC1(C)S[C@@H]2[C@H](NC(=O)COC3=CC=CC=C3)C(=O)N2[C@H]1C(O)=O,Phenoxymethylpenicillin,0
O=C(O[C@H]1C[C@H]2C[C@@H]3C[C@@H](C1)N2CC3=O)C1=CNC2=CC=CC=C12,dolasetron,0
CN1CCN(CC1)C1=NC2=CC=CC=C2OC2=CC=C(Cl)C=C12,Loxapine,0
COC1=CC(C)=C(\C=C\C(\C)=C\C=C\C(\C)=C\C(O)=O)C(C)=C1C,Acitretin,0
OC[C@H]1O[C@H](C[C@@H]1O)N1C=C(F)C(=O)NC1=O,floxuridine,0
CC1(C)S[C@@H]2[C@H](NC(=O)C(C(=O)OC3=CC=C4CCCC4=C3)C3=CC=CC=C3)C(=O)N2[C@H]1C(O)=O,Carindacillin,0
CCC(C)(C)C(=O)O[C@H]1C[C@@H](C)C=C2C=C[C@H](C)[C@H](CC[C@@H]3C[C@@H](O)CC(=O)O3)[C@@H]12,Simvastatin,0
CN1CCCN=C1COC(=O)C(O)(C1CCCCC1)C1=CC=CC=C1,Oxyphencyclimine,0
C[C@@H]1C[C@H]2[C@@H]3C[C@H](F)C4=CC(=O)C=C[C@]4(C)[C@@]3(F)[C@@H](O)C[C@]2(C)[C@@]1(OC(=O)C1=CC=CO1)C(=O)SCF,fluticasone furoate,0
CCC(CC)COC(=O)[C@H](C)N[P@](=O)(OC[C@H]1O[C@](C#N)([C@H](O)[C@@H]1O)C1=CC=C2N1N=CN=C2N)OC1=CC=CC=C1,Remdesivir,0
CN(C)[C@H]1[C@@H]2C[C@H]3C(=C(O)[C@]2(O)C(=O)C(C(=O)NCN2CCCC2)=C1O)C(=O)C1=C(O)C=CC=C1[C@@]3(C)O,rolitetracycline,0
OC(=O)C1=NC(=O)NC(=O)N1,Oteracil,0
NC1=CC=C(C=C1)S(=O)(=O)NC1=NC=CC=N1,sulfadiazine,0
NCCC1=CC=NN1,Betazole,0
COC1=CC=C2C(O[C@@H]3C[C@@H]4[C@@H](C3)C(=O)N(C)CCCC\C=C/[C@H]3C[C@]3(NC4=O)C(=O)NS(=O)(=O)C3CC3)=CC(=NC2=C1C)C1=NC(=CS1)C(C)C,Simeprevir,0
NC(=O)N[C@@H](CCC(O)=O)C(O)=O,Carglumic acid,0
CCOC(=O)[N-]C1=C[N+](=NO1)N1CCOCC1,Molsidomine,0
OC(=O)C1=CC=CC=C1OC(=O)C1=CC=CC=C1O,Salsalate,0
CCC1=C(C)NC2=C1C(=O)C(CN1CCOCC1)CC2,Molindone,0
CCCCCCCCCCCCCCCC(=O)OC[C@@H](NC(=O)C(Cl)Cl)[C@H](O)C1=CC=C(C=C1)[N+]([O-])=O,Chloramphenicol palmitate,0
OCC(O)CO,glycerin,0
OC[C@H]1O[C@H]([C@H](O)[C@@H]1O)N1C=NC2=C1N=CNC2=O,INOSINE PRANOBEX,0
OC1=CC=CC=C1C([O-])=O,CHOLINE SALICYLATE,0
CC(C)(C)C1=CC=C(C=C1)C(=O)CCCN1CCC(CC1)OC(C1=CC=CC=C1)C1=CC=CC=C1,ebastine,0
C[S+](CC[C@H](N)C([O-])=O)C[C@H]1O[C@H]([C@H](O)[C@@H]1O)N1C=NC2=C(N)N=CN=C12,Ademetionine,0
FC(F)(F)C1=CC2=NC=CC(NC3=CC=CC=C3C(=O)OCCN3CCN(CC3)C3=CC(=CC=C3)C(F)(F)F)=C2C=C1,Antrafenine,0
OC1=C([C@H]2CC[C@@H](CC2)C2=CC=C(Cl)C=C2)C(=O)C2=CC=CC=C2C1=O,Atovaquone,0
CCOC(=O)[C@H](CCC1=CC=CC=C1)N[C@@H](C)C(=O)N1[C@H]2CCCC[C@@H]2C[C@H]1C(O)=O,trandolapril,0
CCCCCCCCCCCCCCCC(=O)OC[C@H](COP([O-])(=O)OCC(O)CO)OC(=O)CCCCCCCCCCCCCCC,"Sodium 1,2-Dipalmitoyl-sn-glycero-3-phospho-(1'-rac-glycerol)",0
CCC1=CC2=C(C=C1N1CCC(CC1)N1CCOCC1)C(C)(C)C1=C(C3=CC=C(C=C3N1)C#N)C2=O,Alectinib,0
O[Cl](=O)=O,CHLORIC ACID,0
CC(C)C1=NN=C(C)N1[C@H]1C[C@@H]2CC[C@H](C1)N2CC[C@H](NC(=O)C1CCC(F)(F)CC1)C1=CC=CC=C1,Maraviroc,0
NC1=CC=C(C=C1)C(O)=O,AMINOBENZOIC ACID,0
CNCCC1=CC=CC=N1,betahistine,0
O=C(CC1=CC=C(C=N1)C1=CC=C(OCCN2CCOCC2)C=C1)NCC1=CC=CC=C1,Tirbanibulin,0
CN(C(=O)C(C)(C)C1=CC(=CC(=C1)C(F)(F)F)C(F)(F)F)C1=CN=C(C=C1C1=CC=CC=C1C)N1CC[N+](C)(COP(O)([O-])=O)CC1,Fosnetupitant,0
NC1=NC(N)=C2N=C(C(N)=NC2=N1)C1=CC=CC=C1,Triamterene,0
CCCN1C2=C(NC=N2)C(=O)NC1=O,ENPROFYLLINE,0
CCCC(C)C1(CC=C)C(=O)NC(=S)NC1=O,thiamylal,0
CCCCCCCCCCCCCC(=O)OCC(COP([O-])(=O)OCC[N+](C)(C)C)OC(=O)CCCCCCCCCCCCC,DL-dimyristoylphosphatidylcholine,0
NCCC1=CC=C(O)C(O)=C1,Dopamine,0
CCCC(=O)C1=CC=C2SC3=CC=CC=C3N(CCCN3CCN(C)CC3)C2=C1,BUTAPERAZINE,0
CC(C)NCC(O)C1=CC(O)=CC(O)=C1,ORCIPRENALINE,0
CCCCOCCOCCOCC1=CC2=C(OCO2)C=C1CCC,PIPERONYL BUTOXIDE,0
C[C@]12CC[C@H]3[C@@H](CCC4=CC(O)=CC=C34)[C@@H]1C[C@@H](O)[C@@H]2O,Estriol,0
CC(C)(CO)C1=CC2=CC(NC(=O)C3(CC3)C3=CC=C4OC(F)(F)OC4=C3)=C(F)C=C2N1C[C@@H](O)CO,Tezacaftor,0
FC1=CN(C2CCCO2)C(=O)NC1=O,Tegafur-Uracil,0
NC1=NC(=S)C2=C(N1)N=CN2,Tioguanine,0
CC(C)N1N=CC=C1C1=NC=CC=C1COC1=CC=CC(O)=C1C=O,Voxelotor,0
COC1=CC2=C(CCN[C@]22CS[C@H]3[C@H]4[C@@H]5N(C)[C@@H](CC6=CC(C)=C(OC)C(O)=C56)[C@H](O)N4[C@@H](COC2=O)C2=C4OCOC4=C(C)C(OC(C)=O)=C32)C=C1O,Trabectedin,0
FCC(F)(F)F,Norflurane,0
CC\C=C/C\C=C/C\C=C/C\C=C/C\C=C/CCCC(O)=O,Icosapent,0
C[C@H](N)[C@H](O)C1=CC=C(O)C(O)=C1,levonordefrin,0
CN\C(NCC1=CC=CC=C1)=N/C,Bethanidine,0
C[C@H]1C[C@H]2[C@@H]3C[C@H](F)C4=CC(=O)C=C[C@]4(C)[C@@]3(F)[C@@H](O)C[C@]2(C)[C@@]1(O)C(=O)CO,Diflorasone,0
CCCCCCCCCCCC(O)=O,Lauric acid,0
CCCCCCCC[N+](C)(C)CCCCCCCC,Dioctyldimonium,0
COC1=CC=C(CC(C)NCC(O)C2=CC=C(O)C(NC=O)=C2)C=C1,FORMOTEROL,0
C[C@]12[C@@H]3CC[C@@H](O3)[C@@]1(C)C(=O)OC2=O,Cantharidin,0
C[C@H]1C[C@H]2[C@@H]3CC[C@](OC(C)=O)(C(C)=O)[C@@]3(C)CC[C@@H]2[C@@]2(C)CCC(=O)C=C12,Medroxyprogesterone acetate,0
CCCCCCCCCCCCCCCC[N+](C)(C)C,Cetrimonium,0
C[C@H](CCC(O)=O)[C@H]1CC[C@H]2[C@H]3[C@H](CC(=O)[C@]12C)[C@@]1(C)CCC(=O)C[C@H]1CC3=O,DEHYDROCHOLIC ACID,0
C[C@]1(O)CC[C@H]2[C@@H]3CC[C@H]4CC(=O)OC[C@]4(C)[C@H]3CC[C@]12C,Oxandrolone,0
CC[N+](C)(C)C1=CC=CC(O)=C1,edrophonium,0
CO[C@H]1[C@H](O)CC(=O)O[C@H](C)C\C=C\C=C\[C@H](O[C@H]2CC[C@@H]([C@H](C)O2)N(C)C)[C@H](C)C[C@H](CC=O)[C@@H]1O[C@@H]1O[C@H](C)[C@@H](O[C@H]2C[C@@](C)(O)[C@@H](O)[C@H](C)O2)[C@@H]([C@H]1O)N(C)C,spiramycin,0
O[C@H](CC[C@H]1[C@H](O)C[C@H](O)[C@@H]1C\C=C/CCCC(=O)OCCCCO[N+]([O-])=O)CCC1=CC=CC=C1,Latanoprostene Bunod,0